EE;200;205;210;215;220;225;230;235;240;245;250;255;260;265;270;275;280;285;290;295;300;305;310;315;320;325;330;335;340;345;350;355;360;365;370;375;380;385;390;395;400;405;410;415;420;425;430;435;440;445;450;455;460;465;470;475;480;485;490;495;500;505;510;515;520;525;530;535;540;545;550;555;560;565;570;575;580;585;590;595;600;605;610;615;620;625;630;635;640;645;650;655;660;665;670;675;680;685;690;695;700;705;710;715;720;725;730;735;740;745;750;755;760;765;770;775;780;785;790;795;800;805;810;815;820;825;830;835;840;845;850;855;860;865;870;875;880;885;890;895;900;905;910;915;920;925;930;935;940;945;950;955;960;965;970;975;980;985;990;995;1000;1005;1010;1015;1020;1025;1030;1035;1040;1045;1050;1055;1060;1065;1070;1075;1080;1085;1090;1095;1100;1105;1110;1115;1120;1125;1130;1135;1140;1145;1150;1155;1160;1165;1170;1175;1180;1185;1190;1195;1200;1205;1210;1215;1220;1225;1230;1235;1240;1245;1250;1255;1260;1265;1270;1275;1280;1285;1290;1295;1300;1305;1310;1315;1320;1325;1330;1335;1340;1345;1350;1355;1360;1365;1370;1375;1380;1385;1390;1395;1400;1405;1410;1415;1420;1425;1430;1435;1440;1445;1450;1455;1460;1465;1470;1475;1480;1485;1490;1495
3.357;2.000;2.000;-0.435;0.276;-0.054;1.462;-1.053;0.189;0.724;-0.271;0.127;-1.292;-0.013;0.309;0.370;0.397;0.096;0.291;0.300;0.712;0.310;0.271;0.060;0.987;-0.015;0.206;0.058;0.150;0.019;0.117;0.066;0.057;0.023;0.081;0.054;0.038;0.041;0.033;0.028;0.040;0.065;0.052;0.046;0.059;0.037;0.060;0.062;0.068;0.051;0.065;0.057;0.063;0.060;0.059;0.053;0.045;0.047;0.040;0.046;0.041;0.041;0.042;0.042;0.048;0.041;0.038;0.041;0.037;0.041;0.040;0.055;0.065;0.081;0.095;0.105;0.110;0.120;0.131;0.139;0.153;0.151;0.159;0.166;0.167;0.172;0.175;0.174;0.184;0.183;0.187;0.200;0.194;0.202;0.199;0.210;0.210;0.215;0.218;0.218;0.232;0.231;0.226;0.239;0.243;0.239;0.241;0.235;0.236;0.247;0.238;0.245;0.244;0.251;0.238;0.243;0.246;0.243;0.229;0.219;0.223;0.229;0.225;0.218;0.232;0.237;0.237;0.240;0.253;0.254;0.255;0.266;0.256;0.261;0.262;0.263;0.263;0.259;0.275;0.265;0.263;0.263;0.269;0.272;0.254;0.253;0.259;0.245;0.244;0.265;0.245;0.254;0.248;0.243;0.247;0.247;0.241;0.247;0.236;0.232;0.238;0.243;0.238;0.229;0.236;0.238;0.227;0.237;0.228;0.215;0.223;0.235;0.222;0.224;0.205;0.224;0.206;0.217;0.209;0.196;0.204;0.204;0.198;0.212;0.190;0.202;0.196;0.197;0.195;0.187;0.204;0.195;0.193;0.191;0.179;0.189;0.166;0.145;0.198;0.140;0.137;0.156;0.138;0.176;0.142;0.140;0.161;0.153;0.143;0.156;0.143;0.148;0.136;0.139;0.150;0.138;0.131;0.177;0.163;0.181;0.176;0.145;0.169;0.168;0.147;0.185;0.180;0.175;0.217;0.203;0.190;0.203;0.173;0.180;0.183;0.200;0.269;0.243;0.138;0.232;0.096;0.150;0.242;0.138;0.209;0.291;0.241;0.191;0.318;0.177;0.125;0.242;0.120;0.288;0.177;0.054;0.252;0.216;0.243;0.200;0.214
2.333;2.000;2.000;-0.036;0.693;0.062;0.822;-0.508;0.200;0.456;-0.222;0.716;-1.014;0.191;0.170;1.092;0.721;0.357;0.577;0.445;1.186;0.330;1.227;0.190;0.602;0.101;0.234;-0.009;0.144;0.048;0.121;0.082;0.073;0.023;0.078;0.063;0.046;0.036;0.028;0.041;0.051;0.068;0.062;0.052;0.059;0.048;0.064;0.061;0.073;0.056;0.072;0.064;0.070;0.069;0.067;0.059;0.049;0.047;0.040;0.046;0.042;0.042;0.043;0.046;0.051;0.042;0.041;0.042;0.037;0.041;0.043;0.064;0.082;0.105;0.127;0.148;0.156;0.168;0.181;0.195;0.207;0.207;0.214;0.220;0.224;0.227;0.227;0.233;0.243;0.243;0.252;0.265;0.254;0.262;0.264;0.274;0.270;0.278;0.287;0.285;0.297;0.288;0.293;0.299;0.306;0.300;0.304;0.295;0.293;0.313;0.301;0.309;0.307;0.310;0.298;0.306;0.312;0.306;0.289;0.282;0.285;0.291;0.283;0.270;0.287;0.301;0.294;0.290;0.311;0.308;0.307;0.318;0.312;0.319;0.305;0.320;0.317;0.312;0.325;0.315;0.312;0.311;0.322;0.318;0.310;0.297;0.306;0.293;0.290;0.315;0.291;0.303;0.291;0.293;0.293;0.291;0.293;0.289;0.292;0.277;0.282;0.287;0.281;0.280;0.283;0.284;0.273;0.282;0.269;0.268;0.260;0.291;0.259;0.267;0.246;0.264;0.243;0.246;0.252;0.237;0.250;0.246;0.229;0.248;0.235;0.235;0.234;0.227;0.237;0.236;0.240;0.223;0.235;0.214;0.227;0.218;0.203;0.182;0.229;0.175;0.176;0.192;0.192;0.200;0.180;0.173;0.190;0.182;0.179;0.184;0.191;0.166;0.166;0.168;0.187;0.166;0.173;0.197;0.232;0.206;0.207;0.193;0.207;0.194;0.189;0.183;0.239;0.215;0.211;0.252;0.208;0.212;0.209;0.180;0.194;0.268;0.253;0.269;0.157;0.296;0.148;0.213;0.191;0.212;0.273;0.310;0.255;0.245;0.289;0.158;0.191;0.139;0.264;0.319;0.156;0.167;0.266;0.194;0.304;0.231;0.171
2.333;2.000;2.000;-0.202;0.565;-0.472;0.592;-1.445;0.267;1.110;0.017;0.187;-1.093;0.049;0.179;0.555;0.451;0.166;0.202;0.385;1.363;0.454;0.124;-0.008;1.602;0.121;0.194;-0.029;0.254;0.062;0.081;0.064;0.106;0.005;0.072;0.057;0.042;0.032;0.029;0.018;0.030;0.064;0.043;0.033;0.050;0.029;0.054;0.050;0.054;0.043;0.058;0.049;0.057;0.050;0.051;0.046;0.037;0.039;0.029;0.039;0.035;0.034;0.034;0.034;0.040;0.034;0.031;0.034;0.029;0.034;0.032;0.047;0.056;0.070;0.082;0.095;0.102;0.107;0.117;0.120;0.136;0.138;0.143;0.147;0.154;0.152;0.152;0.156;0.165;0.161;0.168;0.177;0.170;0.177;0.176;0.186;0.185;0.187;0.191;0.191;0.203;0.201;0.199;0.205;0.206;0.211;0.212;0.207;0.206;0.214;0.201;0.216;0.213;0.218;0.202;0.206;0.209;0.205;0.194;0.187;0.194;0.201;0.191;0.186;0.196;0.208;0.204;0.205;0.213;0.207;0.214;0.221;0.221;0.224;0.214;0.218;0.218;0.217;0.224;0.222;0.216;0.218;0.221;0.223;0.216;0.209;0.215;0.198;0.199;0.219;0.195;0.212;0.204;0.204;0.195;0.198;0.202;0.196;0.199;0.189;0.191;0.205;0.192;0.190;0.187;0.200;0.192;0.193;0.187;0.175;0.186;0.195;0.177;0.185;0.165;0.184;0.162;0.171;0.172;0.150;0.170;0.172;0.160;0.169;0.152;0.166;0.162;0.148;0.159;0.157;0.162;0.151;0.148;0.154;0.146;0.139;0.136;0.113;0.157;0.105;0.106;0.119;0.110;0.130;0.109;0.096;0.122;0.115;0.109;0.113;0.126;0.111;0.107;0.100;0.104;0.095;0.096;0.147;0.138;0.127;0.140;0.120;0.119;0.123;0.098;0.121;0.152;0.113;0.172;0.180;0.138;0.134;0.126;0.155;0.143;0.159;0.187;0.182;0.096;0.205;0.059;0.119;0.163;0.110;0.127;0.233;0.162;0.140;0.238;0.080;0.138;0.107;0.103;0.199;0.119;0.062;0.212;0.165;0.125;0.145;0.082
0.840;2.000;2.000;-0.123;0.486;-0.252;0.310;-1.513;0.048;0.835;-0.037;0.363;-1.128;-0.121;-0.016;0.374;0.313;0.234;0.250;0.272;0.334;0.359;0.243;-0.168;0.470;0.057;0.209;-0.084;0.049;0.018;0.060;0.050;0.075;0.026;0.045;0.029;0.020;0.022;0.012;0.026;0.029;0.041;0.045;0.036;0.037;0.022;0.044;0.042;0.051;0.036;0.049;0.045;0.050;0.045;0.046;0.039;0.034;0.034;0.027;0.034;0.028;0.030;0.028;0.030;0.036;0.028;0.027;0.029;0.025;0.028;0.028;0.042;0.051;0.067;0.078;0.087;0.090;0.099;0.106;0.112;0.124;0.122;0.127;0.133;0.136;0.133;0.137;0.136;0.146;0.141;0.149;0.159;0.152;0.155;0.161;0.161;0.165;0.166;0.173;0.166;0.182;0.171;0.173;0.183;0.187;0.182;0.188;0.181;0.186;0.186;0.178;0.186;0.186;0.191;0.176;0.185;0.188;0.186;0.174;0.167;0.169;0.180;0.169;0.166;0.170;0.187;0.179;0.177;0.189;0.181;0.192;0.193;0.193;0.191;0.191;0.196;0.196;0.188;0.198;0.198;0.189;0.198;0.197;0.199;0.191;0.184;0.191;0.174;0.174;0.193;0.174;0.184;0.182;0.174;0.181;0.181;0.180;0.176;0.175;0.172;0.176;0.183;0.171;0.172;0.172;0.174;0.168;0.176;0.167;0.156;0.168;0.174;0.159;0.156;0.147;0.165;0.151;0.152;0.151;0.139;0.153;0.151;0.141;0.152;0.137;0.150;0.141;0.141;0.136;0.148;0.151;0.139;0.136;0.141;0.134;0.127;0.102;0.104;0.149;0.097;0.094;0.113;0.102;0.125;0.091;0.100;0.115;0.102;0.098;0.107;0.108;0.093;0.080;0.106;0.103;0.099;0.088;0.129;0.118;0.126;0.109;0.105;0.119;0.116;0.096;0.111;0.132;0.100;0.122;0.148;0.140;0.102;0.095;0.110;0.136;0.139;0.154;0.125;0.105;0.176;0.067;0.077;0.119;0.084;0.114;0.166;0.110;0.129;0.160;0.082;0.067;0.101;0.062;0.183;-0.008;0.039;0.123;0.053;0.142;0.058;0.078
0.905;2.000;2.000;-0.103;0.838;0.175;0.690;-0.767;-0.102;0.550;-0.025;0.499;0.322;0.125;0.049;0.392;0.554;0.400;0.140;0.190;2.114;0.543;0.140;-0.129;0.776;0.201;0.183;-0.005;0.166;0.085;0.056;0.027;0.116;0.025;0.065;0.064;0.061;0.043;0.042;0.043;0.042;0.086;0.064;0.060;0.076;0.053;0.081;0.079;0.086;0.068;0.084;0.076;0.084;0.076;0.076;0.071;0.058;0.059;0.049;0.054;0.051;0.052;0.053;0.053;0.061;0.054;0.051;0.052;0.046;0.052;0.051;0.073;0.088;0.113;0.128;0.142;0.153;0.160;0.174;0.183;0.197;0.194;0.203;0.209;0.210;0.212;0.213;0.215;0.226;0.223;0.227;0.238;0.228;0.241;0.241;0.248;0.248;0.247;0.259;0.259;0.268;0.262;0.264;0.281;0.275;0.277;0.281;0.275;0.269;0.280;0.272;0.281;0.277;0.280;0.267;0.269;0.280;0.273;0.264;0.259;0.257;0.269;0.253;0.254;0.258;0.280;0.266;0.272;0.282;0.274;0.281;0.294;0.294;0.287;0.288;0.292;0.291;0.285;0.300;0.296;0.285;0.288;0.292;0.298;0.283;0.283;0.286;0.265;0.267;0.285;0.266;0.280;0.268;0.273;0.262;0.270;0.259;0.263;0.264;0.256;0.264;0.263;0.260;0.254;0.253;0.256;0.252;0.260;0.250;0.234;0.250;0.256;0.244;0.242;0.230;0.246;0.228;0.247;0.235;0.218;0.235;0.233;0.226;0.241;0.220;0.228;0.227;0.221;0.229;0.221;0.236;0.221;0.220;0.215;0.223;0.212;0.185;0.167;0.234;0.180;0.166;0.195;0.174;0.198;0.182;0.160;0.189;0.175;0.170;0.176;0.174;0.169;0.167;0.167;0.177;0.162;0.144;0.204;0.198;0.194;0.212;0.181;0.188;0.209;0.166;0.190;0.209;0.184;0.218;0.252;0.188;0.197;0.198;0.208;0.207;0.249;0.245;0.272;0.144;0.259;0.136;0.172;0.239;0.194;0.211;0.275;0.257;0.186;0.339;0.193;0.183;0.233;0.191;0.187;0.161;0.182;0.143;0.222;0.238;0.158;0.226
2.268;2.000;2.000;-0.225;0.227;-0.395;0.944;-0.629;0.171;0.378;0.202;0.172;-1.322;0.133;0.234;0.574;0.643;0.247;0.316;0.376;0.669;0.467;0.278;-0.083;1.505;0.229;0.157;-0.040;0.210;0.053;0.087;0.061;0.100;0.019;0.060;0.058;0.028;0.023;0.027;0.024;0.021;0.072;0.049;0.042;0.045;0.031;0.051;0.050;0.056;0.041;0.059;0.051;0.054;0.051;0.051;0.045;0.036;0.038;0.028;0.035;0.031;0.031;0.032;0.032;0.038;0.032;0.030;0.032;0.027;0.030;0.031;0.048;0.062;0.082;0.096;0.111;0.121;0.132;0.146;0.152;0.163;0.168;0.173;0.180;0.185;0.187;0.184;0.192;0.201;0.201;0.205;0.219;0.210;0.220;0.221;0.223;0.228;0.233;0.240;0.237;0.255;0.242;0.242;0.259;0.263;0.264;0.264;0.256;0.260;0.269;0.258;0.268;0.268;0.271;0.260;0.258;0.263;0.262;0.254;0.244;0.246;0.256;0.243;0.234;0.248;0.260;0.258;0.256;0.271;0.265;0.273;0.285;0.282;0.279;0.279;0.278;0.280;0.274;0.292;0.285;0.279;0.278;0.284;0.286;0.276;0.272;0.279;0.263;0.261;0.282;0.252;0.270;0.262;0.261;0.258;0.261;0.261;0.260;0.259;0.247;0.250;0.260;0.253;0.250;0.249;0.257;0.245;0.256;0.245;0.231;0.243;0.252;0.233;0.242;0.218;0.243;0.221;0.226;0.219;0.205;0.227;0.229;0.214;0.233;0.207;0.221;0.216;0.201;0.219;0.214;0.216;0.212;0.211;0.208;0.196;0.190;0.195;0.165;0.216;0.164;0.150;0.172;0.154;0.174;0.161;0.141;0.176;0.159;0.155;0.173;0.172;0.151;0.156;0.157;0.180;0.159;0.142;0.183;0.174;0.188;0.200;0.178;0.193;0.166;0.147;0.178;0.205;0.154;0.229;0.217;0.203;0.209;0.185;0.196;0.224;0.202;0.284;0.265;0.138;0.246;0.129;0.179;0.223;0.140;0.189;0.310;0.257;0.223;0.335;0.154;0.172;0.244;0.132;0.306;0.244;0.055;0.276;0.163;0.227;0.177;0.192
2.341;2.000;2.000;-0.130;0.247;-0.128;1.059;-0.695;1.297;0.668;0.057;0.520;-1.116;0.041;0.186;0.275;1.160;0.360;0.310;0.550;0.916;0.495;0.125;-0.093;0.968;0.156;0.173;0.097;0.288;0.090;0.080;0.080;0.092;0.010;0.055;0.073;0.050;0.043;0.046;0.044;0.062;0.083;0.063;0.055;0.082;0.058;0.080;0.083;0.085;0.072;0.090;0.081;0.086;0.083;0.081;0.074;0.061;0.059;0.049;0.055;0.050;0.052;0.053;0.056;0.064;0.055;0.051;0.052;0.045;0.050;0.052;0.074;0.095;0.120;0.140;0.157;0.167;0.178;0.192;0.202;0.216;0.222;0.228;0.236;0.240;0.239;0.243;0.244;0.255;0.251;0.262;0.273;0.261;0.275;0.274;0.279;0.279;0.291;0.295;0.294;0.309;0.294;0.298;0.315;0.312;0.315;0.314;0.308;0.313;0.319;0.308;0.314;0.318;0.315;0.308;0.310;0.319;0.312;0.298;0.286;0.293;0.300;0.292;0.285;0.294;0.314;0.303;0.306;0.319;0.320;0.323;0.332;0.325;0.327;0.326;0.326;0.333;0.326;0.336;0.334;0.320;0.328;0.337;0.339;0.316;0.309;0.324;0.302;0.300;0.326;0.306;0.315;0.305;0.302;0.300;0.306;0.304;0.301;0.300;0.296;0.293;0.298;0.300;0.292;0.293;0.298;0.281;0.289;0.279;0.272;0.277;0.303;0.276;0.276;0.252;0.277;0.257;0.264;0.265;0.246;0.257;0.261;0.246;0.263;0.247;0.255;0.250;0.244;0.251;0.248;0.252;0.238;0.253;0.237;0.247;0.221;0.206;0.177;0.239;0.184;0.179;0.194;0.194;0.206;0.176;0.174;0.192;0.182;0.190;0.205;0.190;0.177;0.161;0.176;0.193;0.178;0.169;0.215;0.215;0.201;0.216;0.179;0.206;0.196;0.178;0.207;0.239;0.195;0.215;0.257;0.223;0.213;0.214;0.185;0.248;0.248;0.250;0.286;0.167;0.280;0.138;0.189;0.266;0.179;0.230;0.320;0.232;0.205;0.330;0.146;0.187;0.257;0.182;0.217;0.152;0.110;0.378;0.156;0.260;0.204;0.195
3.338;2.000;2.000;-0.255;0.253;-0.149;0.950;-1.134;0.531;0.528;0.071;0.371;-0.828;0.162;0.064;0.597;0.538;0.456;0.318;0.473;0.578;0.666;0.338;-0.010;1.245;0.192;0.239;-0.004;0.197;0.084;0.094;0.060;0.089;0.016;0.065;0.064;0.040;0.034;0.029;0.035;0.052;0.075;0.062;0.053;0.062;0.042;0.069;0.064;0.074;0.058;0.074;0.065;0.070;0.068;0.066;0.060;0.052;0.050;0.040;0.047;0.043;0.043;0.044;0.046;0.052;0.044;0.043;0.042;0.039;0.043;0.042;0.062;0.078;0.098;0.113;0.126;0.134;0.144;0.155;0.167;0.177;0.180;0.186;0.194;0.198;0.197;0.198;0.203;0.214;0.209;0.217;0.226;0.220;0.229;0.232;0.236;0.244;0.241;0.247;0.248;0.261;0.256;0.256;0.269;0.269;0.270;0.271;0.262;0.266;0.276;0.267;0.277;0.277;0.270;0.268;0.271;0.280;0.272;0.257;0.249;0.250;0.265;0.254;0.245;0.258;0.274;0.265;0.271;0.277;0.278;0.286;0.289;0.286;0.287;0.285;0.294;0.290;0.285;0.296;0.295;0.286;0.298;0.291;0.295;0.293;0.273;0.288;0.267;0.268;0.289;0.269;0.281;0.270;0.269;0.262;0.271;0.266;0.268;0.261;0.253;0.268;0.267;0.264;0.251;0.259;0.259;0.254;0.258;0.257;0.243;0.252;0.264;0.242;0.246;0.226;0.250;0.231;0.235;0.227;0.220;0.224;0.232;0.223;0.222;0.220;0.226;0.218;0.213;0.216;0.217;0.219;0.208;0.216;0.207;0.198;0.199;0.183;0.164;0.214;0.155;0.159;0.172;0.167;0.179;0.150;0.145;0.168;0.158;0.162;0.174;0.168;0.146;0.147;0.151;0.176;0.142;0.157;0.192;0.205;0.191;0.192;0.172;0.185;0.176;0.170;0.181;0.190;0.180;0.218;0.229;0.186;0.168;0.198;0.218;0.200;0.223;0.259;0.238;0.181;0.253;0.128;0.192;0.245;0.182;0.239;0.261;0.281;0.232;0.265;0.177;0.228;0.227;0.254;0.274;0.122;0.164;0.269;0.165;0.310;0.248;0.209
3.338;2.000;2.000;-0.163;0.342;1.002;1.400;-1.366;0.223;0.331;0.375;0.599;-0.672;0.178;0.097;0.637;0.591;0.897;0.385;0.295;1.500;0.435;0.193;0.023;1.496;0.094;0.238;0.080;0.200;0.048;0.088;0.078;0.090;0.026;0.066;0.058;0.041;0.037;0.038;0.033;0.056;0.065;0.052;0.048;0.051;0.034;0.060;0.058;0.061;0.052;0.061;0.055;0.061;0.056;0.059;0.051;0.043;0.046;0.034;0.046;0.040;0.039;0.039;0.039;0.047;0.040;0.036;0.039;0.036;0.039;0.039;0.054;0.063;0.082;0.093;0.108;0.111;0.119;0.129;0.136;0.152;0.151;0.161;0.166;0.169;0.169;0.170;0.171;0.182;0.179;0.185;0.197;0.190;0.199;0.199;0.203;0.205;0.216;0.217;0.210;0.227;0.218;0.222;0.236;0.236;0.236;0.238;0.234;0.235;0.243;0.235;0.241;0.240;0.245;0.232;0.239;0.241;0.234;0.225;0.222;0.223;0.228;0.220;0.209;0.224;0.237;0.237;0.234;0.249;0.243;0.246;0.251;0.253;0.256;0.245;0.257;0.253;0.251;0.260;0.254;0.249;0.253;0.255;0.259;0.246;0.244;0.245;0.237;0.234;0.254;0.229;0.244;0.230;0.239;0.231;0.238;0.234;0.233;0.228;0.224;0.229;0.238;0.229;0.226;0.224;0.232;0.222;0.226;0.222;0.205;0.217;0.226;0.212;0.212;0.197;0.214;0.190;0.204;0.203;0.187;0.205;0.203;0.194;0.203;0.181;0.197;0.190;0.188;0.189;0.186;0.199;0.183;0.188;0.195;0.186;0.182;0.153;0.144;0.186;0.134;0.141;0.156;0.147;0.167;0.145;0.130;0.163;0.131;0.144;0.157;0.153;0.144;0.134;0.137;0.154;0.120;0.140;0.175;0.178;0.179;0.170;0.144;0.176;0.149;0.152;0.182;0.177;0.175;0.197;0.202;0.193;0.165;0.175;0.194;0.159;0.187;0.239;0.210;0.125;0.287;0.091;0.175;0.212;0.147;0.199;0.279;0.218;0.201;0.247;0.136;0.219;0.204;0.164;0.242;0.104;0.090;0.286;0.140;0.236;0.206;0.093
2.988;2.000;2.000;-0.157;0.354;0.076;1.221;0.121;2.308;0.385;0.143;0.764;-0.961;0.102;0.248;0.476;0.667;0.526;0.193;0.679;0.542;0.589;0.207;0.036;0.811;0.107;0.198;0.005;0.180;0.073;0.060;0.091;0.108;0.022;0.060;0.072;0.045;0.029;0.031;0.027;0.041;0.061;0.049;0.045;0.050;0.029;0.058;0.052;0.057;0.044;0.059;0.053;0.056;0.051;0.054;0.047;0.039;0.040;0.032;0.040;0.035;0.035;0.035;0.034;0.041;0.034;0.031;0.033;0.030;0.036;0.034;0.048;0.057;0.072;0.082;0.093;0.097;0.104;0.112;0.116;0.128;0.129;0.133;0.138;0.142;0.139;0.140;0.142;0.149;0.146;0.152;0.161;0.151;0.158;0.158;0.162;0.168;0.166;0.172;0.170;0.182;0.170;0.177;0.184;0.187;0.186;0.187;0.182;0.186;0.191;0.183;0.188;0.187;0.188;0.181;0.181;0.191;0.184;0.174;0.167;0.171;0.178;0.167;0.164;0.172;0.184;0.177;0.183;0.187;0.185;0.190;0.196;0.193;0.196;0.192;0.196;0.194;0.190;0.199;0.197;0.187;0.196;0.199;0.204;0.190;0.186;0.191;0.179;0.174;0.197;0.176;0.186;0.183;0.177;0.178;0.180;0.181;0.180;0.183;0.174;0.173;0.183;0.181;0.172;0.176;0.178;0.172;0.180;0.174;0.162;0.168;0.181;0.164;0.167;0.153;0.168;0.151;0.156;0.160;0.147;0.155;0.158;0.149;0.157;0.147;0.147;0.152;0.145;0.149;0.149;0.151;0.146;0.145;0.141;0.152;0.139;0.125;0.113;0.146;0.116;0.100;0.118;0.117;0.128;0.102;0.100;0.117;0.114;0.108;0.121;0.122;0.095;0.107;0.108;0.111;0.108;0.098;0.136;0.139;0.135;0.136;0.126;0.116;0.119;0.117;0.118;0.152;0.129;0.158;0.178;0.133;0.124;0.148;0.133;0.171;0.178;0.193;0.196;0.102;0.190;0.095;0.124;0.165;0.136;0.174;0.236;0.172;0.155;0.243;0.128;0.057;0.150;0.228;0.223;0.164;0.087;0.106;0.221;0.182;0.100;0.158
1.145;2.000;2.000;-0.330;-0.098;-0.440;0.405;-1.109;0.507;0.358;0.379;0.248;-1.021;0.363;-0.099;0.314;0.007;-0.030;0.132;0.503;0.554;-0.494;-0.067;-0.079;1.574;0.121;0.233;0.022;0.217;0.069;0.134;0.055;0.101;0.015;0.070;0.073;0.054;0.056;0.042;0.058;0.069;0.080;0.063;0.066;0.075;0.055;0.081;0.085;0.091;0.078;0.091;0.084;0.094;0.089;0.085;0.081;0.062;0.059;0.051;0.055;0.053;0.053;0.055;0.060;0.063;0.056;0.056;0.054;0.049;0.048;0.052;0.079;0.100;0.128;0.153;0.168;0.185;0.203;0.216;0.231;0.243;0.249;0.268;0.275;0.270;0.275;0.280;0.281;0.294;0.291;0.298;0.317;0.304;0.312;0.319;0.321;0.331;0.321;0.345;0.336;0.366;0.336;0.347;0.357;0.361;0.362;0.375;0.356;0.362;0.359;0.359;0.364;0.353;0.360;0.349;0.358;0.373;0.355;0.344;0.321;0.335;0.349;0.326;0.327;0.329;0.355;0.344;0.359;0.356;0.360;0.377;0.382;0.381;0.375;0.364;0.383;0.374;0.367;0.371;0.377;0.357;0.393;0.378;0.389;0.366;0.357;0.367;0.350;0.343;0.385;0.347;0.368;0.348;0.345;0.360;0.361;0.363;0.349;0.352;0.345;0.340;0.348;0.346;0.333;0.332;0.350;0.334;0.345;0.327;0.316;0.335;0.342;0.316;0.329;0.297;0.329;0.298;0.317;0.307;0.283;0.305;0.311;0.299;0.298;0.293;0.296;0.285;0.283;0.280;0.296;0.279;0.292;0.285;0.282;0.268;0.248;0.231;0.222;0.253;0.237;0.213;0.227;0.211;0.237;0.206;0.201;0.202;0.226;0.210;0.221;0.214;0.196;0.190;0.223;0.184;0.210;0.193;0.242;0.233;0.216;0.221;0.189;0.208;0.247;0.227;0.242;0.257;0.182;0.269;0.276;0.246;0.234;0.272;0.246;0.278;0.262;0.256;0.258;0.232;0.266;0.203;0.236;0.308;0.227;0.267;0.307;0.306;0.263;0.338;0.267;0.244;0.220;0.243;0.191;0.242;0.125;0.180;0.281;0.357;0.257;0.226
2.745;2.000;2.000;1.103;0.182;-0.350;2.200;-1.054;0.181;0.728;-0.353;1.331;-1.012;0.086;-0.036;0.293;0.664;0.475;0.218;0.855;0.234;0.312;0.172;-0.115;0.527;0.122;0.175;-0.036;0.236;0.155;0.080;0.058;0.144;0.015;0.071;0.074;0.080;0.036;0.045;0.054;0.055;0.079;0.061;0.048;0.060;0.051;0.069;0.064;0.076;0.060;0.071;0.065;0.070;0.063;0.066;0.059;0.046;0.048;0.038;0.047;0.044;0.040;0.044;0.045;0.052;0.042;0.040;0.044;0.036;0.040;0.041;0.059;0.078;0.094;0.117;0.126;0.135;0.145;0.151;0.165;0.177;0.175;0.182;0.192;0.194;0.193;0.194;0.198;0.210;0.203;0.220;0.225;0.214;0.218;0.226;0.235;0.240;0.232;0.252;0.240;0.260;0.246;0.256;0.259;0.258;0.264;0.267;0.254;0.262;0.262;0.250;0.266;0.253;0.271;0.254;0.258;0.262;0.258;0.240;0.238;0.233;0.256;0.237;0.238;0.244;0.262;0.249;0.259;0.264;0.260;0.277;0.271;0.280;0.277;0.273;0.279;0.275;0.261;0.282;0.277;0.267;0.282;0.268;0.276;0.272;0.259;0.266;0.247;0.250;0.285;0.245;0.260;0.254;0.253;0.250;0.257;0.253;0.247;0.250;0.238;0.240;0.244;0.245;0.243;0.237;0.249;0.245;0.249;0.232;0.225;0.239;0.241;0.225;0.233;0.213;0.225;0.207;0.226;0.214;0.203;0.221;0.220;0.204;0.219;0.199;0.208;0.196;0.201;0.206;0.205;0.198;0.204;0.215;0.176;0.203;0.194;0.156;0.166;0.193;0.178;0.156;0.164;0.151;0.177;0.157;0.155;0.145;0.162;0.155;0.162;0.155;0.148;0.146;0.166;0.127;0.138;0.134;0.193;0.166;0.184;0.177;0.145;0.146;0.184;0.153;0.191;0.193;0.153;0.232;0.232;0.160;0.196;0.177;0.193;0.199;0.241;0.232;0.187;0.128;0.241;0.141;0.195;0.178;0.199;0.183;0.245;0.175;0.181;0.186;0.247;0.189;0.214;0.183;0.185;0.114;0.059;0.112;0.219;0.373;0.161;0.138
4.188;2.000;2.000;-0.369;0.206;-0.468;2.227;-1.070;-0.097;0.329;0.940;0.427;-1.014;0.374;-0.081;0.178;0.056;0.180;0.163;0.330;0.358;-0.354;0.220;0.034;1.239;0.066;0.091;0.025;0.267;0.091;0.044;0.047;0.125;0.028;0.043;0.077;0.057;0.047;0.033;0.051;0.055;0.073;0.054;0.050;0.056;0.044;0.070;0.070;0.077;0.062;0.074;0.066;0.076;0.069;0.072;0.067;0.049;0.051;0.041;0.048;0.046;0.044;0.047;0.050;0.055;0.046;0.045;0.047;0.041;0.042;0.045;0.064;0.083;0.104;0.128;0.142;0.152;0.168;0.174;0.188;0.199;0.206;0.212;0.223;0.220;0.227;0.227;0.224;0.240;0.235;0.244;0.260;0.254;0.257;0.259;0.264;0.277;0.272;0.290;0.281;0.302;0.279;0.292;0.296;0.298;0.305;0.308;0.300;0.302;0.312;0.297;0.304;0.290;0.306;0.290;0.302;0.307;0.294;0.283;0.271;0.278;0.288;0.273;0.264;0.276;0.296;0.289;0.298;0.304;0.298;0.314;0.310;0.324;0.312;0.311;0.320;0.311;0.304;0.323;0.325;0.301;0.337;0.315;0.327;0.302;0.306;0.306;0.292;0.290;0.324;0.293;0.308;0.294;0.294;0.304;0.300;0.297;0.298;0.285;0.288;0.283;0.300;0.283;0.272;0.277;0.285;0.284;0.283;0.284;0.253;0.276;0.280;0.257;0.273;0.246;0.280;0.252;0.263;0.257;0.226;0.264;0.250;0.246;0.257;0.243;0.247;0.228;0.244;0.237;0.248;0.253;0.229;0.234;0.232;0.221;0.230;0.209;0.205;0.213;0.196;0.199;0.202;0.192;0.220;0.180;0.191;0.191;0.199;0.195;0.191;0.205;0.182;0.176;0.206;0.164;0.191;0.165;0.216;0.219;0.193;0.232;0.176;0.181;0.222;0.180;0.227;0.235;0.169;0.246;0.236;0.219;0.190;0.227;0.217;0.252;0.252;0.238;0.260;0.164;0.240;0.152;0.173;0.300;0.205;0.204;0.295;0.254;0.185;0.260;0.218;0.265;0.184;0.181;0.153;0.160;0.035;0.153;0.166;0.359;0.200;0.185
2.043;2.000;2.000;0.772;0.277;-0.182;1.429;-1.051;0.235;0.197;0.172;1.129;-1.009;-0.122;0.006;0.335;1.525;0.279;0.469;0.862;0.371;0.100;0.217;0.198;0.080;0.156;0.161;0.026;0.197;0.119;0.123;0.077;0.125;0.021;0.091;0.089;0.068;0.027;0.052;0.051;0.050;0.058;0.059;0.051;0.054;0.042;0.064;0.057;0.069;0.054;0.061;0.057;0.062;0.055;0.058;0.054;0.043;0.043;0.034;0.044;0.041;0.038;0.039;0.040;0.046;0.038;0.036;0.040;0.033;0.037;0.039;0.051;0.065;0.075;0.094;0.100;0.104;0.113;0.119;0.128;0.135;0.140;0.143;0.151;0.154;0.153;0.155;0.158;0.167;0.163;0.177;0.184;0.172;0.174;0.176;0.185;0.193;0.187;0.201;0.191;0.209;0.205;0.199;0.209;0.212;0.213;0.216;0.210;0.214;0.218;0.206;0.213;0.208;0.221;0.208;0.212;0.217;0.212;0.195;0.190;0.186;0.209;0.191;0.186;0.197;0.210;0.202;0.206;0.212;0.215;0.221;0.220;0.225;0.223;0.225;0.221;0.226;0.218;0.227;0.218;0.215;0.235;0.223;0.224;0.221;0.212;0.215;0.203;0.203;0.230;0.201;0.208;0.204;0.204;0.209;0.211;0.206;0.212;0.197;0.193;0.198;0.208;0.204;0.201;0.200;0.209;0.197;0.209;0.190;0.188;0.195;0.206;0.180;0.189;0.176;0.188;0.174;0.187;0.179;0.166;0.181;0.184;0.178;0.182;0.164;0.168;0.160;0.164;0.164;0.167;0.165;0.174;0.185;0.155;0.162;0.153;0.141;0.138;0.171;0.144;0.118;0.148;0.121;0.152;0.146;0.128;0.127;0.133;0.141;0.128;0.117;0.134;0.125;0.144;0.118;0.121;0.122;0.173;0.145;0.171;0.141;0.131;0.128;0.165;0.141;0.156;0.157;0.155;0.180;0.206;0.164;0.157;0.183;0.173;0.150;0.249;0.197;0.190;0.133;0.216;0.173;0.185;0.148;0.192;0.218;0.260;0.236;0.179;0.231;0.259;0.105;0.276;0.166;0.188;0.177;0.060;0.108;0.311;0.213;0.098;0.229
3.175;2.000;2.000;-0.227;1.335;-0.368;0.242;-1.132;0.270;0.510;0.305;0.377;-1.022;0.224;-0.139;0.549;0.032;-0.186;0.152;0.168;0.526;-0.192;-0.002;-0.108;1.394;0.086;0.173;-0.046;0.242;0.064;0.082;0.009;0.084;0.017;0.029;0.054;0.048;0.042;0.021;0.026;0.055;0.056;0.041;0.045;0.057;0.025;0.056;0.053;0.058;0.052;0.058;0.053;0.062;0.056;0.055;0.053;0.040;0.043;0.035;0.040;0.038;0.037;0.037;0.041;0.042;0.037;0.036;0.038;0.034;0.031;0.036;0.051;0.064;0.081;0.092;0.102;0.107;0.120;0.125;0.135;0.147;0.149;0.156;0.160;0.160;0.162;0.168;0.163;0.175;0.173;0.180;0.190;0.183;0.187;0.187;0.193;0.202;0.198;0.206;0.199;0.221;0.207;0.213;0.220;0.220;0.220;0.227;0.220;0.226;0.228;0.217;0.228;0.221;0.231;0.221;0.225;0.226;0.221;0.210;0.201;0.203;0.220;0.197;0.193;0.203;0.220;0.215;0.221;0.232;0.227;0.239;0.237;0.241;0.235;0.240;0.243;0.237;0.231;0.242;0.243;0.229;0.253;0.235;0.249;0.229;0.232;0.234;0.220;0.215;0.251;0.222;0.240;0.229;0.223;0.236;0.235;0.230;0.223;0.223;0.218;0.225;0.236;0.220;0.216;0.211;0.228;0.220;0.223;0.218;0.207;0.215;0.217;0.208;0.215;0.190;0.221;0.192;0.213;0.198;0.189;0.203;0.205;0.195;0.198;0.193;0.188;0.179;0.188;0.175;0.201;0.185;0.187;0.203;0.157;0.179;0.161;0.157;0.157;0.157;0.153;0.135;0.156;0.142;0.163;0.131;0.145;0.143;0.150;0.138;0.154;0.151;0.133;0.132;0.152;0.127;0.140;0.115;0.172;0.157;0.145;0.168;0.131;0.143;0.165;0.123;0.172;0.168;0.124;0.190;0.194;0.153;0.153;0.167;0.183;0.209;0.211;0.209;0.174;0.131;0.218;0.120;0.153;0.222;0.163;0.184;0.238;0.173;0.160;0.184;0.197;0.174;0.124;0.240;0.130;0.149;0.053;0.134;0.135;0.352;0.129;0.186
2.114;2.000;2.000;-0.062;0.335;-0.131;1.346;-1.043;0.259;0.227;0.292;0.402;-0.981;-0.221;0.056;0.210;1.383;0.414;0.104;0.512;0.253;0.276;0.072;0.105;0.229;0.194;0.195;-0.013;0.331;0.115;0.120;0.058;0.146;0.031;0.084;0.072;0.086;0.050;0.049;0.053;0.062;0.075;0.055;0.049;0.060;0.048;0.068;0.061;0.072;0.057;0.065;0.059;0.065;0.060;0.063;0.058;0.044;0.047;0.038;0.048;0.045;0.041;0.045;0.044;0.051;0.042;0.040;0.045;0.039;0.042;0.043;0.057;0.074;0.084;0.103;0.112;0.117;0.131;0.135;0.150;0.160;0.159;0.167;0.176;0.180;0.179;0.179;0.182;0.197;0.190;0.203;0.207;0.201;0.206;0.210;0.221;0.229;0.223;0.235;0.231;0.246;0.241;0.243;0.248;0.254;0.258;0.261;0.256;0.259;0.264;0.255;0.267;0.256;0.276;0.253;0.261;0.268;0.261;0.243;0.242;0.238;0.266;0.236;0.235;0.246;0.267;0.259;0.268;0.270;0.267;0.289;0.288;0.292;0.289;0.288;0.297;0.301;0.282;0.300;0.300;0.288;0.307;0.297;0.302;0.293;0.286;0.290;0.272;0.272;0.308;0.269;0.290;0.282;0.283;0.277;0.280;0.279;0.279;0.274;0.268;0.272;0.276;0.274;0.269;0.268;0.280;0.267;0.280;0.253;0.256;0.260;0.275;0.249;0.263;0.242;0.253;0.235;0.246;0.243;0.234;0.237;0.243;0.233;0.241;0.222;0.230;0.223;0.226;0.228;0.236;0.218;0.228;0.246;0.215;0.220;0.216;0.183;0.175;0.209;0.203;0.178;0.187;0.173;0.203;0.179;0.176;0.177;0.202;0.190;0.194;0.193;0.185;0.179;0.201;0.162;0.166;0.164;0.233;0.204;0.225;0.214;0.196;0.203;0.217;0.210;0.226;0.236;0.219;0.262;0.274;0.199;0.219;0.256;0.265;0.256;0.298;0.280;0.270;0.182;0.291;0.216;0.226;0.279;0.228;0.231;0.314;0.275;0.297;0.308;0.385;0.255;0.319;0.204;0.357;0.246;0.128;0.140;0.384;0.431;0.302;0.227
1.869;2.000;2.000;0.031;0.232;-0.345;0.737;-1.037;0.392;0.481;-0.629;0.863;-0.972;-0.246;-0.046;0.232;0.519;0.574;0.384;0.513;0.221;0.130;0.370;0.160;-0.032;0.263;0.191;-0.022;0.326;0.169;0.129;0.066;0.183;0.038;0.091;0.082;0.086;0.044;0.053;0.060;0.070;0.076;0.074;0.070;0.072;0.056;0.079;0.076;0.080;0.071;0.078;0.072;0.076;0.075;0.071;0.068;0.053;0.053;0.046;0.054;0.050;0.047;0.047;0.051;0.056;0.048;0.047;0.049;0.044;0.044;0.048;0.065;0.081;0.095;0.115;0.126;0.136;0.146;0.158;0.170;0.184;0.185;0.194;0.202;0.203;0.208;0.207;0.214;0.226;0.221;0.232;0.246;0.231;0.239;0.247;0.252;0.268;0.256;0.274;0.264;0.284;0.280;0.286;0.285;0.291;0.295;0.300;0.290;0.295;0.297;0.284;0.300;0.297;0.304;0.287;0.289;0.299;0.292;0.269;0.270;0.266;0.291;0.265;0.264;0.277;0.295;0.284;0.295;0.305;0.301;0.314;0.313;0.318;0.317;0.320;0.325;0.322;0.309;0.320;0.321;0.315;0.335;0.323;0.327;0.314;0.306;0.317;0.291;0.296;0.329;0.293;0.306;0.301;0.292;0.298;0.297;0.301;0.299;0.287;0.278;0.283;0.293;0.282;0.285;0.286;0.290;0.286;0.288;0.269;0.271;0.279;0.293;0.258;0.278;0.262;0.271;0.247;0.263;0.259;0.237;0.254;0.261;0.245;0.250;0.235;0.243;0.237;0.234;0.240;0.241;0.234;0.246;0.256;0.223;0.225;0.228;0.194;0.205;0.220;0.217;0.172;0.191;0.178;0.214;0.181;0.176;0.180;0.189;0.200;0.188;0.190;0.188;0.172;0.187;0.166;0.171;0.173;0.207;0.202;0.219;0.206;0.182;0.194;0.224;0.204;0.202;0.244;0.198;0.240;0.281;0.225;0.209;0.241;0.224;0.252;0.282;0.262;0.265;0.183;0.285;0.224;0.169;0.248;0.226;0.246;0.270;0.306;0.234;0.361;0.323;0.241;0.305;0.231;0.240;0.243;0.141;0.224;0.448;0.395;0.275;0.212
1.777;2.000;2.000;-0.136;0.573;-0.155;1.583;-1.032;0.217;0.376;-0.032;0.937;-0.983;-0.313;0.166;0.196;2.292;0.186;0.165;0.868;0.105;0.621;0.289;-0.110;0.337;0.290;0.173;-0.017;0.139;0.149;0.128;0.062;0.099;0.035;0.095;0.064;0.064;0.050;0.052;0.044;0.054;0.073;0.058;0.061;0.064;0.042;0.072;0.063;0.071;0.058;0.069;0.064;0.068;0.062;0.061;0.060;0.046;0.046;0.037;0.045;0.041;0.039;0.040;0.043;0.049;0.041;0.039;0.042;0.035;0.037;0.039;0.055;0.072;0.088;0.105;0.116;0.124;0.134;0.143;0.153;0.168;0.165;0.174;0.184;0.183;0.184;0.184;0.189;0.200;0.195;0.208;0.222;0.208;0.212;0.219;0.223;0.238;0.227;0.243;0.235;0.254;0.247;0.247;0.255;0.259;0.256;0.263;0.258;0.255;0.268;0.256;0.261;0.259;0.268;0.253;0.257;0.261;0.258;0.244;0.238;0.232;0.258;0.234;0.231;0.238;0.258;0.250;0.260;0.263;0.263;0.269;0.276;0.281;0.278;0.278;0.282;0.275;0.270;0.284;0.270;0.267;0.285;0.273;0.271;0.274;0.258;0.269;0.251;0.247;0.279;0.250;0.258;0.254;0.254;0.250;0.253;0.252;0.258;0.244;0.242;0.249;0.249;0.250;0.243;0.248;0.252;0.245;0.257;0.228;0.234;0.234;0.244;0.224;0.232;0.215;0.229;0.214;0.223;0.227;0.207;0.218;0.228;0.215;0.226;0.199;0.211;0.203;0.204;0.206;0.210;0.204;0.199;0.221;0.192;0.198;0.195;0.179;0.170;0.196;0.177;0.147;0.171;0.143;0.184;0.157;0.148;0.148;0.154;0.169;0.164;0.151;0.150;0.135;0.157;0.138;0.142;0.132;0.168;0.166;0.194;0.176;0.156;0.153;0.202;0.159;0.170;0.195;0.171;0.214;0.236;0.173;0.186;0.217;0.185;0.200;0.245;0.228;0.226;0.163;0.274;0.183;0.192;0.204;0.241;0.224;0.302;0.255;0.227;0.307;0.314;0.161;0.276;0.188;0.376;0.205;0.081;0.139;0.341;0.356;0.169;0.216
3.139;2.000;2.000;-0.032;0.298;-0.380;1.326;-1.061;0.375;0.316;-0.398;0.321;-0.996;0.268;0.037;0.324;1.465;0.012;0.322;0.429;0.281;0.356;0.231;-0.143;0.790;0.185;0.198;-0.034;0.053;0.108;0.104;0.053;0.103;0.015;0.086;0.079;0.052;0.034;0.044;0.040;0.046;0.076;0.051;0.056;0.064;0.042;0.068;0.061;0.072;0.056;0.068;0.062;0.067;0.061;0.063;0.058;0.043;0.044;0.035;0.044;0.041;0.039;0.039;0.043;0.049;0.039;0.037;0.041;0.035;0.038;0.038;0.057;0.076;0.093;0.118;0.129;0.137;0.150;0.161;0.170;0.187;0.189;0.196;0.205;0.207;0.213;0.208;0.214;0.230;0.222;0.236;0.246;0.233;0.237;0.245;0.249;0.263;0.257;0.271;0.261;0.283;0.270;0.274;0.281;0.285;0.283;0.293;0.282;0.289;0.286;0.277;0.290;0.282;0.292;0.278;0.280;0.291;0.281;0.263;0.258;0.256;0.279;0.262;0.251;0.262;0.280;0.269;0.277;0.284;0.280;0.293;0.294;0.302;0.299;0.298;0.305;0.305;0.289;0.297;0.297;0.288;0.312;0.298;0.301;0.292;0.278;0.290;0.275;0.274;0.301;0.269;0.281;0.274;0.275;0.275;0.287;0.276;0.278;0.265;0.259;0.270;0.267;0.268;0.261;0.262;0.272;0.261;0.273;0.245;0.246;0.244;0.266;0.238;0.252;0.238;0.248;0.231;0.237;0.231;0.225;0.231;0.240;0.222;0.233;0.212;0.225;0.212;0.213;0.210;0.218;0.212;0.212;0.227;0.207;0.202;0.202;0.179;0.178;0.204;0.186;0.165;0.173;0.169;0.193;0.161;0.167;0.160;0.169;0.178;0.164;0.160;0.155;0.158;0.182;0.147;0.149;0.146;0.204;0.172;0.199;0.185;0.166;0.157;0.195;0.191;0.189;0.200;0.175;0.238;0.269;0.182;0.178;0.227;0.216;0.224;0.265;0.271;0.253;0.147;0.256;0.205;0.194;0.204;0.238;0.241;0.327;0.280;0.230;0.283;0.253;0.228;0.264;0.144;0.343;0.170;0.118;0.185;0.322;0.384;0.190;0.201
2.656;2.000;2.000;-0.488;0.037;-0.401;0.358;-1.129;0.148;0.761;0.181;-0.044;-1.024;0.409;-0.133;0.117;0.070;-0.180;-0.045;0.018;0.828;-0.538;0.164;-0.115;0.813;0.143;0.160;-0.067;0.188;0.064;0.060;0.029;0.075;0.017;0.054;0.058;0.025;0.041;0.028;0.029;0.044;0.063;0.030;0.035;0.045;0.023;0.042;0.049;0.051;0.041;0.053;0.042;0.051;0.048;0.048;0.048;0.036;0.037;0.035;0.038;0.037;0.036;0.036;0.039;0.039;0.032;0.034;0.036;0.033;0.032;0.035;0.047;0.051;0.063;0.074;0.080;0.085;0.093;0.101;0.109;0.118;0.119;0.123;0.131;0.126;0.130;0.132;0.132;0.142;0.140;0.146;0.153;0.147;0.153;0.154;0.159;0.164;0.163;0.174;0.167;0.185;0.168;0.173;0.181;0.186;0.186;0.191;0.183;0.186;0.190;0.182;0.192;0.184;0.191;0.184;0.190;0.192;0.183;0.178;0.165;0.173;0.186;0.168;0.162;0.172;0.180;0.180;0.190;0.190;0.188;0.204;0.203;0.204;0.197;0.198;0.201;0.194;0.193;0.204;0.203;0.186;0.207;0.198;0.206;0.186;0.187;0.196;0.184;0.181;0.204;0.184;0.196;0.188;0.185;0.193;0.188;0.186;0.182;0.183;0.178;0.176;0.192;0.185;0.179;0.174;0.187;0.179;0.177;0.177;0.165;0.181;0.179;0.160;0.167;0.147;0.175;0.155;0.168;0.165;0.145;0.168;0.163;0.152;0.158;0.152;0.161;0.143;0.150;0.151;0.161;0.152;0.150;0.156;0.142;0.145;0.135;0.119;0.124;0.129;0.125;0.104;0.128;0.114;0.129;0.105;0.122;0.110;0.134;0.113;0.126;0.114;0.110;0.110;0.130;0.080;0.131;0.098;0.134;0.139;0.129;0.140;0.107;0.106;0.152;0.123;0.134;0.159;0.105;0.171;0.177;0.125;0.135;0.156;0.128;0.147;0.174;0.166;0.178;0.097;0.183;0.109;0.105;0.180;0.149;0.127;0.215;0.138;0.143;0.166;0.139;0.121;0.109;0.122;0.074;0.052;0.029;0.128;0.078;0.162;0.091;0.088
2.481;2.000;2.000;0.684;0.383;-0.141;1.001;-1.054;0.080;0.162;-0.817;0.287;-0.987;0.220;0.182;0.175;0.880;0.604;0.158;0.481;0.409;0.260;0.265;-0.266;0.353;0.196;0.245;0.023;0.148;0.099;0.137;0.072;0.142;0.009;0.093;0.089;0.082;0.037;0.063;0.064;0.063;0.088;0.071;0.072;0.072;0.062;0.078;0.078;0.090;0.070;0.083;0.080;0.084;0.076;0.077;0.071;0.057;0.059;0.044;0.056;0.051;0.047;0.051;0.052;0.061;0.052;0.047;0.052;0.044;0.047;0.050;0.068;0.092;0.110;0.134;0.148;0.157;0.170;0.178;0.191;0.206;0.208;0.214;0.226;0.227;0.227;0.231;0.231;0.249;0.242;0.257;0.266;0.256;0.262;0.270;0.277;0.289;0.282;0.292;0.291;0.313;0.300;0.302;0.314;0.310;0.317;0.321;0.314;0.315;0.320;0.304;0.319;0.314;0.326;0.310;0.312;0.315;0.312;0.294;0.285;0.286;0.309;0.282;0.282;0.297;0.314;0.299;0.315;0.317;0.320;0.331;0.331;0.333;0.340;0.338;0.343;0.343;0.333;0.335;0.337;0.328;0.342;0.333;0.336;0.323;0.322;0.328;0.305;0.306;0.346;0.303;0.321;0.313;0.319;0.314;0.316;0.312;0.311;0.296;0.294;0.301;0.301;0.310;0.299;0.302;0.307;0.301;0.306;0.281;0.282;0.293;0.308;0.272;0.302;0.276;0.279;0.271;0.282;0.275;0.257;0.276;0.279;0.269;0.276;0.252;0.268;0.254;0.251;0.264;0.261;0.255;0.253;0.271;0.247;0.232;0.258;0.208;0.209;0.235;0.224;0.195;0.201;0.193;0.234;0.186;0.189;0.192;0.198;0.212;0.184;0.202;0.206;0.183;0.219;0.173;0.187;0.176;0.224;0.230;0.223;0.218;0.212;0.192;0.233;0.198;0.216;0.250;0.184;0.286;0.310;0.192;0.252;0.234;0.239;0.249;0.266;0.288;0.300;0.170;0.308;0.198;0.248;0.259;0.234;0.228;0.360;0.272;0.288;0.276;0.351;0.249;0.303;0.166;0.356;0.189;0.135;0.206;0.467;0.533;0.297;0.216
2.110;2.000;2.000;0.314;1.176;0.152;1.634;-1.052;0.010;0.198;-0.517;0.481;-1.027;0.519;0.056;0.018;0.834;0.510;0.499;0.389;0.208;0.345;0.387;0.466;0.478;0.071;0.233;0.026;0.191;0.125;0.160;0.084;0.145;0.016;0.084;0.095;0.076;0.040;0.061;0.060;0.067;0.084;0.091;0.070;0.076;0.067;0.088;0.076;0.092;0.073;0.083;0.081;0.084;0.079;0.083;0.076;0.062;0.061;0.048;0.058;0.055;0.052;0.055;0.057;0.063;0.056;0.053;0.055;0.048;0.050;0.055;0.074;0.094;0.111;0.131;0.142;0.151;0.163;0.170;0.183;0.194;0.197;0.206;0.216;0.214;0.218;0.220;0.224;0.236;0.231;0.248;0.254;0.240;0.244;0.251;0.261;0.269;0.264;0.282;0.269;0.292;0.286;0.288;0.292;0.297;0.300;0.305;0.295;0.304;0.303;0.289;0.305;0.296;0.310;0.286;0.293;0.304;0.293;0.274;0.273;0.269;0.305;0.276;0.269;0.282;0.300;0.295;0.303;0.308;0.300;0.310;0.314;0.324;0.319;0.319;0.326;0.320;0.308;0.319;0.319;0.304;0.330;0.320;0.324;0.312;0.299;0.312;0.290;0.292;0.327;0.297;0.305;0.305;0.301;0.301;0.303;0.298;0.308;0.286;0.285;0.291;0.292;0.290;0.283;0.293;0.293;0.293;0.296;0.275;0.271;0.276;0.295;0.260;0.284;0.260;0.270;0.254;0.262;0.271;0.242;0.260;0.271;0.255;0.262;0.238;0.253;0.242;0.244;0.251;0.242;0.239;0.244;0.256;0.237;0.213;0.241;0.192;0.212;0.232;0.206;0.177;0.191;0.183;0.221;0.190;0.185;0.184;0.200;0.202;0.177;0.200;0.178;0.177;0.209;0.163;0.171;0.175;0.212;0.209;0.210;0.209;0.180;0.188;0.209;0.187;0.202;0.239;0.187;0.264;0.269;0.185;0.226;0.234;0.196;0.251;0.272;0.278;0.253;0.155;0.305;0.194;0.185;0.308;0.233;0.300;0.376;0.222;0.270;0.333;0.205;0.245;0.190;0.201;0.352;0.153;0.130;0.223;0.375;0.515;0.222;0.189
1.600;2.000;2.000;1.139;0.412;-0.357;1.059;-1.048;0.428;0.223;-0.524;1.214;-0.990;-0.175;0.085;0.178;0.605;0.135;0.197;0.474;0.199;0.214;0.102;-0.059;0.446;0.134;0.120;0.026;0.178;0.128;0.159;0.057;0.131;0.029;0.091;0.073;0.060;0.031;0.051;0.049;0.052;0.069;0.055;0.056;0.063;0.048;0.067;0.068;0.072;0.056;0.068;0.061;0.068;0.063;0.063;0.060;0.045;0.046;0.035;0.043;0.041;0.039;0.040;0.042;0.050;0.040;0.038;0.041;0.034;0.037;0.039;0.057;0.075;0.092;0.114;0.124;0.134;0.144;0.150;0.161;0.177;0.177;0.186;0.195;0.198;0.201;0.199;0.206;0.219;0.213;0.228;0.236;0.224;0.229;0.234;0.241;0.252;0.242;0.259;0.248;0.274;0.260;0.263;0.265;0.277;0.270;0.279;0.275;0.274;0.273;0.268;0.275;0.272;0.284;0.265;0.269;0.283;0.274;0.258;0.249;0.248;0.268;0.248;0.243;0.262;0.267;0.260;0.269;0.276;0.274;0.285;0.292;0.295;0.289;0.286;0.293;0.288;0.280;0.289;0.295;0.275;0.300;0.282;0.294;0.285;0.268;0.285;0.256;0.269;0.293;0.263;0.268;0.271;0.263;0.259;0.273;0.269;0.268;0.258;0.252;0.250;0.265;0.257;0.253;0.259;0.260;0.254;0.259;0.251;0.237;0.247;0.262;0.235;0.250;0.220;0.243;0.221;0.238;0.232;0.215;0.233;0.233;0.221;0.235;0.201;0.221;0.209;0.208;0.214;0.212;0.214;0.207;0.236;0.201;0.198;0.213;0.166;0.178;0.201;0.184;0.164;0.167;0.159;0.194;0.152;0.172;0.153;0.172;0.170;0.169;0.160;0.149;0.153;0.186;0.140;0.145;0.147;0.193;0.204;0.174;0.187;0.159;0.144;0.194;0.172;0.178;0.203;0.153;0.222;0.246;0.167;0.202;0.203;0.203;0.240;0.235;0.276;0.225;0.154;0.238;0.191;0.162;0.244;0.192;0.240;0.310;0.239;0.216;0.275;0.263;0.227;0.249;0.218;0.293;0.165;0.123;0.194;0.331;0.333;0.196;0.182
2.126;2.000;2.000;-0.021;0.346;-0.114;0.754;-1.038;0.120;0.403;-0.091;0.474;-1.025;-0.311;0.103;0.095;0.278;0.592;0.267;0.201;0.335;0.384;0.441;0.515;0.515;0.190;0.367;0.093;0.186;0.145;0.146;0.113;0.124;0.029;0.087;0.099;0.068;0.027;0.060;0.057;0.063;0.079;0.070;0.048;0.068;0.053;0.072;0.072;0.085;0.062;0.072;0.069;0.071;0.070;0.068;0.063;0.049;0.047;0.038;0.047;0.042;0.041;0.043;0.045;0.051;0.043;0.039;0.044;0.036;0.039;0.041;0.061;0.080;0.097;0.122;0.134;0.144;0.155;0.164;0.174;0.191;0.190;0.198;0.209;0.211;0.215;0.213;0.220;0.230;0.223;0.239;0.246;0.240;0.243;0.250;0.253;0.265;0.252;0.273;0.263;0.289;0.277;0.279;0.284;0.289;0.286;0.296;0.282;0.286;0.292;0.279;0.288;0.283;0.297;0.278;0.282;0.290;0.282;0.271;0.258;0.261;0.282;0.260;0.254;0.271;0.280;0.277;0.282;0.290;0.277;0.300;0.302;0.304;0.301;0.301;0.307;0.301;0.297;0.302;0.304;0.291;0.311;0.298;0.299;0.295;0.283;0.291;0.273;0.278;0.303;0.274;0.284;0.285;0.275;0.280;0.288;0.274;0.285;0.269;0.262;0.263;0.275;0.264;0.271;0.271;0.270;0.266;0.272;0.256;0.245;0.262;0.275;0.240;0.251;0.236;0.248;0.235;0.246;0.245;0.222;0.241;0.241;0.227;0.247;0.212;0.229;0.218;0.215;0.225;0.221;0.223;0.205;0.245;0.219;0.208;0.208;0.185;0.185;0.215;0.180;0.174;0.187;0.170;0.200;0.167;0.176;0.157;0.185;0.189;0.163;0.170;0.161;0.157;0.189;0.139;0.165;0.159;0.200;0.203;0.197;0.178;0.164;0.162;0.231;0.172;0.201;0.222;0.168;0.244;0.232;0.186;0.226;0.232;0.230;0.241;0.249;0.241;0.207;0.151;0.307;0.220;0.183;0.211;0.243;0.224;0.304;0.224;0.230;0.365;0.253;0.217;0.275;0.151;0.290;0.127;0.152;0.167;0.374;0.473;0.197;0.176
2.850;2.000;2.000;-0.448;0.001;-0.297;0.355;-1.056;0.539;0.444;-0.023;-0.262;-1.318;-0.172;0.246;0.236;0.762;0.328;0.028;-0.276;0.817;0.009;0.346;0.019;0.051;0.048;0.082;-0.004;0.184;-0.012;0.011;0.056;0.086;-0.013;0.027;0.046;0.049;0.018;0.022;0.029;0.021;0.060;0.047;0.031;0.051;0.028;0.042;0.039;0.059;0.045;0.053;0.047;0.052;0.049;0.048;0.044;0.032;0.035;0.027;0.035;0.031;0.028;0.032;0.033;0.039;0.031;0.028;0.033;0.026;0.028;0.031;0.042;0.056;0.071;0.087;0.096;0.100;0.112;0.121;0.126;0.138;0.138;0.147;0.152;0.154;0.152;0.154;0.156;0.165;0.160;0.167;0.183;0.169;0.181;0.176;0.188;0.193;0.190;0.194;0.198;0.210;0.200;0.204;0.209;0.218;0.216;0.214;0.210;0.212;0.212;0.215;0.214;0.216;0.215;0.207;0.213;0.223;0.217;0.199;0.194;0.204;0.204;0.196;0.194;0.200;0.215;0.214;0.211;0.224;0.220;0.230;0.229;0.231;0.233;0.229;0.227;0.232;0.229;0.234;0.241;0.221;0.245;0.233;0.239;0.229;0.224;0.229;0.210;0.217;0.234;0.208;0.224;0.227;0.212;0.220;0.225;0.220;0.211;0.204;0.209;0.208;0.230;0.214;0.206;0.207;0.225;0.204;0.211;0.206;0.197;0.201;0.209;0.194;0.199;0.177;0.204;0.181;0.195;0.185;0.178;0.184;0.188;0.187;0.187;0.172;0.179;0.171;0.168;0.168;0.186;0.169;0.173;0.177;0.167;0.183;0.145;0.151;0.137;0.167;0.147;0.128;0.155;0.132;0.162;0.132;0.139;0.131;0.145;0.134;0.146;0.137;0.144;0.132;0.140;0.122;0.137;0.127;0.165;0.159;0.160;0.162;0.155;0.124;0.175;0.129;0.191;0.185;0.128;0.216;0.224;0.174;0.172;0.194;0.166;0.176;0.234;0.228;0.187;0.114;0.219;0.142;0.146;0.231;0.135;0.210;0.248;0.188;0.153;0.207;0.302;0.166;0.140;0.190;0.234;0.121;0.124;0.060;0.255;0.349;0.171;0.296
1.507;2.000;2.000;-0.237;-0.313;-0.327;0.308;-1.061;0.456;-0.244;-0.072;-0.191;-1.098;0.831;-0.777;0.187;0.772;0.418;0.008;0.108;0.206;0.596;0.338;0.000;0.109;0.131;0.299;0.045;0.211;0.034;0.064;0.095;0.106;-0.007;0.045;0.083;0.045;0.031;0.040;0.038;0.029;0.088;0.068;0.048;0.068;0.050;0.067;0.063;0.080;0.061;0.074;0.068;0.073;0.069;0.069;0.062;0.050;0.051;0.040;0.051;0.047;0.042;0.046;0.048;0.054;0.046;0.043;0.047;0.040;0.041;0.044;0.060;0.078;0.092;0.112;0.120;0.126;0.141;0.148;0.160;0.173;0.174;0.182;0.188;0.195;0.192;0.195;0.196;0.209;0.204;0.217;0.229;0.215;0.226;0.221;0.236;0.243;0.240;0.246;0.245;0.261;0.257;0.254;0.260;0.263;0.265;0.260;0.258;0.262;0.260;0.258;0.269;0.264;0.271;0.255;0.265;0.266;0.263;0.247;0.245;0.249;0.258;0.240;0.240;0.247;0.266;0.259;0.261;0.266;0.261;0.270;0.284;0.285;0.274;0.287;0.278;0.281;0.279;0.285;0.287;0.275;0.294;0.282;0.286;0.287;0.275;0.273;0.261;0.257;0.279;0.259;0.277;0.264;0.259;0.257;0.270;0.268;0.260;0.257;0.254;0.255;0.272;0.261;0.248;0.266;0.258;0.256;0.256;0.245;0.245;0.248;0.259;0.234;0.244;0.216;0.243;0.217;0.225;0.225;0.219;0.235;0.227;0.222;0.232;0.200;0.226;0.215;0.211;0.206;0.217;0.209;0.215;0.217;0.216;0.216;0.194;0.177;0.159;0.187;0.173;0.162;0.181;0.168;0.176;0.154;0.169;0.149;0.174;0.166;0.175;0.154;0.160;0.145;0.166;0.136;0.171;0.147;0.186;0.179;0.182;0.199;0.164;0.143;0.217;0.173;0.202;0.216;0.156;0.238;0.255;0.184;0.205;0.230;0.195;0.193;0.239;0.245;0.233;0.140;0.287;0.207;0.178;0.222;0.151;0.224;0.274;0.220;0.232;0.252;0.354;0.159;0.157;0.129;0.235;0.050;0.172;0.172;0.350;0.342;0.187;0.250
1.398;2.000;2.000;-0.961;-0.459;-0.334;0.311;-1.019;0.370;1.023;-0.038;-0.044;-1.041;0.636;-0.643;0.132;0.810;0.228;0.083;0.032;-0.053;0.473;0.385;-0.113;0.238;0.121;0.195;0.074;0.189;0.050;0.094;0.103;0.106;-0.013;0.055;0.078;0.044;0.023;0.030;0.040;0.035;0.078;0.062;0.048;0.069;0.048;0.057;0.062;0.081;0.065;0.073;0.069;0.072;0.068;0.068;0.060;0.048;0.049;0.039;0.046;0.042;0.038;0.044;0.046;0.053;0.045;0.040;0.045;0.036;0.038;0.042;0.059;0.077;0.097;0.119;0.130;0.136;0.152;0.162;0.175;0.190;0.186;0.202;0.208;0.210;0.206;0.214;0.212;0.222;0.221;0.228;0.246;0.228;0.244;0.240;0.254;0.257;0.259;0.265;0.261;0.282;0.276;0.272;0.283;0.283;0.288;0.279;0.271;0.282;0.278;0.284;0.290;0.280;0.285;0.275;0.277;0.291;0.281;0.264;0.257;0.269;0.269;0.256;0.263;0.267;0.284;0.280;0.272;0.288;0.281;0.298;0.304;0.306;0.301;0.296;0.302;0.302;0.301;0.299;0.314;0.287;0.313;0.297;0.310;0.300;0.298;0.301;0.278;0.275;0.298;0.281;0.287;0.281;0.272;0.279;0.283;0.282;0.271;0.260;0.269;0.262;0.288;0.273;0.271;0.275;0.279;0.270;0.262;0.265;0.249;0.259;0.270;0.244;0.255;0.220;0.256;0.224;0.250;0.234;0.216;0.236;0.226;0.233;0.238;0.218;0.227;0.213;0.216;0.208;0.233;0.209;0.207;0.225;0.212;0.213;0.191;0.176;0.180;0.190;0.175;0.153;0.179;0.179;0.173;0.161;0.166;0.146;0.166;0.161;0.181;0.146;0.155;0.162;0.163;0.156;0.169;0.145;0.207;0.164;0.197;0.199;0.163;0.158;0.192;0.158;0.217;0.175;0.170;0.231;0.238;0.193;0.183;0.229;0.218;0.183;0.282;0.235;0.193;0.161;0.218;0.212;0.205;0.196;0.183;0.276;0.300;0.263;0.154;0.251;0.406;0.083;0.211;0.177;0.202;0.116;0.058;0.135;0.403;0.225;0.267;0.282
2.454;2.000;2.000;-0.121;-0.303;-0.323;-0.164;-1.062;0.801;-0.081;-0.038;-0.207;-1.426;-0.392;-0.422;0.418;0.036;0.724;0.032;0.108;0.840;0.301;0.352;0.012;0.356;0.064;0.201;-0.053;0.326;0.007;0.062;0.043;0.123;-0.010;0.036;0.055;0.063;0.028;0.031;0.033;0.039;0.058;0.061;0.051;0.060;0.037;0.056;0.055;0.069;0.056;0.068;0.060;0.067;0.062;0.062;0.057;0.044;0.042;0.037;0.042;0.039;0.036;0.039;0.043;0.048;0.039;0.038;0.040;0.033;0.036;0.037;0.054;0.069;0.088;0.105;0.118;0.123;0.135;0.146;0.153;0.170;0.168;0.178;0.185;0.184;0.185;0.191;0.190;0.202;0.195;0.204;0.220;0.208;0.213;0.217;0.223;0.228;0.230;0.243;0.232;0.251;0.246;0.243;0.254;0.253;0.261;0.254;0.249;0.256;0.250;0.246;0.258;0.253;0.259;0.248;0.253;0.259;0.254;0.236;0.235;0.235;0.245;0.226;0.236;0.236;0.255;0.252;0.248;0.257;0.254;0.267;0.270;0.271;0.264;0.270;0.261;0.269;0.268;0.271;0.275;0.260;0.273;0.272;0.278;0.267;0.259;0.271;0.249;0.249;0.270;0.247;0.253;0.252;0.247;0.249;0.257;0.249;0.246;0.234;0.239;0.243;0.255;0.247;0.242;0.244;0.244;0.241;0.246;0.237;0.233;0.227;0.247;0.221;0.237;0.205;0.229;0.207;0.223;0.216;0.200;0.217;0.216;0.208;0.220;0.194;0.206;0.197;0.196;0.198;0.203;0.197;0.192;0.198;0.189;0.193;0.181;0.155;0.154;0.186;0.173;0.142;0.164;0.154;0.168;0.134;0.154;0.130;0.162;0.146;0.167;0.146;0.132;0.150;0.145;0.137;0.147;0.139;0.181;0.170;0.148;0.181;0.139;0.145;0.182;0.160;0.202;0.191;0.136;0.214;0.225;0.205;0.166;0.234;0.186;0.158;0.229;0.270;0.207;0.141;0.230;0.173;0.163;0.173;0.150;0.233;0.210;0.267;0.144;0.302;0.369;0.124;0.201;0.290;0.167;0.134;0.088;0.094;0.338;0.280;0.225;0.401
2.723;2.000;2.000;-0.956;0.597;-0.305;0.101;-1.049;0.287;0.335;0.163;-0.074;-0.243;-0.211;0.216;0.139;-0.206;0.116;0.182;-0.103;0.162;0.262;0.325;-0.138;0.402;0.209;0.064;-0.081;0.193;0.016;0.035;0.066;0.093;-0.003;0.023;0.052;0.050;0.026;0.020;0.019;0.038;0.071;0.057;0.049;0.063;0.037;0.053;0.053;0.069;0.057;0.067;0.058;0.065;0.063;0.063;0.056;0.043;0.042;0.036;0.042;0.038;0.034;0.038;0.042;0.049;0.040;0.036;0.040;0.032;0.036;0.038;0.056;0.073;0.094;0.116;0.128;0.135;0.149;0.160;0.170;0.185;0.185;0.195;0.200;0.204;0.204;0.207;0.209;0.219;0.215;0.228;0.243;0.228;0.237;0.237;0.248;0.252;0.255;0.260;0.259;0.284;0.270;0.267;0.274;0.273;0.283;0.275;0.274;0.277;0.276;0.271;0.282;0.279;0.284;0.271;0.278;0.280;0.280;0.259;0.254;0.258;0.273;0.249;0.256;0.265;0.279;0.277;0.273;0.278;0.275;0.293;0.294;0.298;0.295;0.293;0.282;0.296;0.285;0.289;0.306;0.288;0.304;0.294;0.303;0.294;0.286;0.295;0.269;0.270;0.287;0.272;0.281;0.278;0.268;0.266;0.277;0.274;0.269;0.261;0.260;0.264;0.280;0.270;0.264;0.268;0.266;0.264;0.265;0.251;0.253;0.253;0.265;0.242;0.255;0.225;0.252;0.231;0.244;0.235;0.218;0.239;0.232;0.227;0.246;0.221;0.230;0.219;0.220;0.216;0.218;0.221;0.215;0.227;0.230;0.214;0.201;0.173;0.175;0.204;0.189;0.161;0.179;0.173;0.186;0.153;0.172;0.158;0.181;0.161;0.188;0.156;0.153;0.160;0.165;0.156;0.177;0.142;0.194;0.181;0.169;0.202;0.163;0.150;0.213;0.185;0.211;0.208;0.147;0.232;0.244;0.203;0.209;0.228;0.208;0.191;0.232;0.262;0.203;0.169;0.260;0.199;0.189;0.179;0.147;0.297;0.272;0.284;0.172;0.247;0.339;0.154;0.132;0.372;0.211;0.162;0.137;0.149;0.275;0.365;0.151;0.377
1.724;2.000;2.000;0.385;0.252;-0.213;1.135;-1.050;0.186;0.672;0.328;0.260;-1.031;0.689;0.105;0.199;1.386;0.437;0.182;0.492;0.511;0.097;0.115;-0.136;1.012;0.147;0.201;-0.015;0.212;0.165;0.145;0.105;0.131;0.028;0.100;0.086;0.078;0.056;0.055;0.057;0.070;0.089;0.064;0.072;0.082;0.064;0.089;0.080;0.091;0.075;0.085;0.079;0.087;0.078;0.080;0.073;0.062;0.063;0.054;0.062;0.059;0.056;0.058;0.060;0.067;0.058;0.056;0.061;0.053;0.055;0.059;0.075;0.093;0.107;0.127;0.135;0.144;0.156;0.165;0.175;0.187;0.188;0.197;0.205;0.207;0.212;0.209;0.214;0.230;0.224;0.235;0.246;0.236;0.242;0.251;0.253;0.265;0.257;0.273;0.262;0.285;0.276;0.277;0.283;0.288;0.292;0.297;0.284;0.291;0.294;0.282;0.294;0.287;0.300;0.289;0.284;0.294;0.294;0.277;0.272;0.263;0.295;0.268;0.267;0.285;0.288;0.291;0.295;0.307;0.306;0.319;0.316;0.323;0.316;0.322;0.322;0.323;0.313;0.320;0.320;0.303;0.326;0.314;0.316;0.313;0.298;0.305;0.281;0.290;0.319;0.287;0.290;0.293;0.285;0.283;0.294;0.291;0.291;0.275;0.275;0.276;0.284;0.287;0.276;0.281;0.287;0.277;0.288;0.263;0.270;0.268;0.283;0.256;0.272;0.258;0.261;0.251;0.262;0.268;0.241;0.250;0.264;0.240;0.266;0.240;0.249;0.247;0.236;0.251;0.241;0.236;0.241;0.271;0.235;0.232;0.223;0.197;0.197;0.242;0.196;0.191;0.198;0.183;0.211;0.182;0.183;0.180;0.193;0.200;0.189;0.182;0.176;0.166;0.209;0.158;0.176;0.165;0.214;0.205;0.207;0.182;0.183;0.158;0.224;0.194;0.193;0.227;0.171;0.216;0.271;0.168;0.210;0.223;0.195;0.214;0.249;0.222;0.218;0.124;0.257;0.213;0.172;0.227;0.206;0.212;0.287;0.218;0.213;0.337;0.254;0.163;0.281;0.173;0.288;0.183;0.071;0.296;0.358;0.347;0.198;0.176
2.132;2.000;2.000;1.823;0.102;-0.229;1.457;-1.036;0.173;0.305;-0.897;0.487;-1.011;-0.244;0.121;0.216;0.669;0.658;0.355;0.435;0.487;0.119;0.320;0.006;0.817;0.165;0.166;0.016;0.164;0.100;0.088;0.096;0.158;0.004;0.083;0.086;0.059;0.029;0.054;0.052;0.048;0.082;0.066;0.058;0.062;0.049;0.073;0.069;0.082;0.064;0.073;0.071;0.072;0.067;0.069;0.063;0.050;0.050;0.039;0.048;0.044;0.042;0.043;0.046;0.055;0.044;0.042;0.047;0.038;0.041;0.043;0.060;0.081;0.097;0.126;0.136;0.146;0.157;0.167;0.180;0.193;0.196;0.202;0.213;0.213;0.216;0.215;0.221;0.231;0.227;0.243;0.248;0.240;0.242;0.253;0.258;0.272;0.261;0.276;0.263;0.287;0.280;0.282;0.287;0.286;0.286;0.299;0.285;0.293;0.294;0.279;0.288;0.283;0.297;0.279;0.279;0.289;0.285;0.268;0.260;0.259;0.285;0.261;0.260;0.273;0.282;0.277;0.279;0.292;0.295;0.306;0.299;0.303;0.309;0.302;0.313;0.308;0.295;0.312;0.309;0.293;0.320;0.307;0.309;0.296;0.293;0.300;0.279;0.283;0.316;0.277;0.295;0.290;0.278;0.285;0.285;0.284;0.282;0.274;0.268;0.274;0.278;0.274;0.272;0.267;0.282;0.269;0.275;0.255;0.248;0.257;0.272;0.250;0.261;0.244;0.249;0.236;0.247;0.245;0.227;0.253;0.251;0.233;0.242;0.226;0.227;0.225;0.225;0.233;0.238;0.228;0.225;0.251;0.211;0.232;0.215;0.187;0.185;0.212;0.192;0.162;0.185;0.171;0.191;0.170;0.162;0.163;0.176;0.175;0.181;0.177;0.175;0.149;0.178;0.147;0.151;0.140;0.199;0.187;0.196;0.183;0.165;0.180;0.208;0.174;0.210;0.222;0.184;0.226;0.266;0.193;0.178;0.224;0.213;0.222;0.255;0.237;0.246;0.167;0.209;0.209;0.191;0.217;0.236;0.269;0.280;0.290;0.243;0.254;0.358;0.241;0.317;0.220;0.179;0.203;0.112;0.142;0.377;0.612;0.205;0.179
1.462;2.000;2.000;0.023;0.275;-0.305;1.208;-1.045;0.098;0.090;0.662;1.091;-1.024;0.052;-0.114;0.287;0.759;1.179;0.292;0.310;0.367;0.122;0.392;0.193;0.624;0.035;0.187;0.002;0.140;0.134;0.102;0.067;0.125;-0.003;0.098;0.085;0.061;0.022;0.060;0.052;0.058;0.079;0.078;0.056;0.067;0.059;0.071;0.075;0.084;0.067;0.078;0.073;0.074;0.071;0.072;0.065;0.051;0.050;0.040;0.049;0.045;0.043;0.046;0.049;0.056;0.047;0.043;0.047;0.038;0.042;0.044;0.065;0.082;0.097;0.120;0.130;0.140;0.151;0.159;0.170;0.185;0.188;0.192;0.201;0.200;0.206;0.202;0.204;0.219;0.213;0.224;0.233;0.224;0.226;0.235;0.244;0.247;0.241;0.261;0.246;0.271;0.260;0.268;0.265;0.276;0.269;0.275;0.272;0.275;0.272;0.267;0.274;0.271;0.281;0.266;0.269;0.278;0.275;0.258;0.250;0.247;0.270;0.248;0.242;0.257;0.269;0.267;0.266;0.275;0.275;0.286;0.289;0.292;0.291;0.288;0.294;0.293;0.282;0.294;0.295;0.280;0.301;0.290;0.289;0.287;0.279;0.280;0.261;0.271;0.299;0.262;0.279;0.280;0.272;0.273;0.279;0.272;0.273;0.260;0.253;0.259;0.265;0.261;0.260;0.266;0.265;0.259;0.269;0.248;0.251;0.255;0.270;0.239;0.252;0.238;0.245;0.226;0.239;0.237;0.217;0.238;0.239;0.226;0.238;0.219;0.228;0.218;0.216;0.215;0.225;0.216;0.222;0.235;0.221;0.212;0.214;0.190;0.184;0.218;0.185;0.159;0.189;0.164;0.193;0.163;0.173;0.174;0.179;0.188;0.175;0.179;0.177;0.145;0.191;0.144;0.161;0.162;0.201;0.184;0.210;0.179;0.178;0.165;0.199;0.175;0.186;0.212;0.188;0.215;0.258;0.190;0.201;0.229;0.202;0.232;0.258;0.217;0.257;0.162;0.244;0.216;0.162;0.220;0.232;0.205;0.331;0.245;0.220;0.277;0.251;0.218;0.275;0.194;0.268;0.208;0.071;0.206;0.413;0.443;0.183;0.206
4.979;2.000;2.000;-0.064;0.398;-0.287;2.280;-1.044;0.304;0.310;-0.204;0.509;-1.006;0.312;0.044;0.175;0.661;0.854;0.590;0.543;0.645;0.390;0.276;0.322;0.022;0.247;0.255;-0.006;0.349;0.125;0.104;0.071;0.159;0.032;0.084;0.092;0.086;0.035;0.050;0.065;0.067;0.082;0.080;0.071;0.070;0.070;0.090;0.085;0.099;0.082;0.091;0.086;0.093;0.083;0.085;0.081;0.063;0.062;0.050;0.058;0.055;0.054;0.054;0.058;0.067;0.059;0.053;0.058;0.048;0.052;0.055;0.075;0.097;0.115;0.141;0.154;0.165;0.181;0.188;0.207;0.219;0.221;0.229;0.240;0.242;0.247;0.248;0.251;0.265;0.260;0.280;0.286;0.272;0.273;0.281;0.294;0.306;0.298;0.316;0.310;0.330;0.322;0.328;0.330;0.340;0.339;0.347;0.333;0.346;0.343;0.330;0.344;0.333;0.354;0.335;0.337;0.344;0.341;0.318;0.308;0.311;0.331;0.312;0.304;0.320;0.335;0.332;0.338;0.349;0.346;0.360;0.358;0.369;0.370;0.372;0.380;0.374;0.359;0.370;0.372;0.367;0.391;0.376;0.375;0.363;0.358;0.365;0.346;0.353;0.387;0.344;0.357;0.351;0.349;0.354;0.354;0.354;0.353;0.330;0.343;0.332;0.342;0.340;0.338;0.339;0.337;0.341;0.341;0.321;0.308;0.319;0.341;0.299;0.329;0.296;0.316;0.282;0.305;0.300;0.278;0.307;0.307;0.292;0.302;0.275;0.281;0.267;0.283;0.284;0.277;0.265;0.277;0.307;0.250;0.263;0.267;0.223;0.231;0.249;0.228;0.211;0.203;0.211;0.248;0.214;0.210;0.204;0.208;0.223;0.202;0.229;0.208;0.201;0.219;0.182;0.201;0.187;0.235;0.253;0.244;0.236;0.208;0.201;0.280;0.197;0.229;0.275;0.211;0.274;0.291;0.212;0.265;0.268;0.291;0.313;0.318;0.338;0.282;0.204;0.321;0.217;0.270;0.336;0.273;0.309;0.378;0.287;0.330;0.273;0.368;0.343;0.340;0.286;0.485;0.212;0.104;0.266;0.316;0.748;0.315;0.292
5.020;2.000;2.000;0.451;0.249;-0.258;0.672;-1.032;0.230;0.192;-0.156;0.536;-1.053;-0.384;-0.001;0.193;0.856;0.149;0.052;0.226;0.254;0.266;0.197;-0.263;1.122;0.270;0.249;0.012;0.109;0.094;0.117;0.061;0.108;0.013;0.077;0.073;0.049;0.037;0.048;0.041;0.057;0.073;0.062;0.046;0.069;0.047;0.072;0.069;0.075;0.063;0.071;0.064;0.070;0.065;0.065;0.058;0.044;0.044;0.035;0.043;0.042;0.038;0.040;0.044;0.047;0.041;0.037;0.039;0.035;0.038;0.039;0.058;0.078;0.095;0.120;0.132;0.142;0.155;0.163;0.178;0.190;0.192;0.200;0.204;0.211;0.212;0.212;0.215;0.230;0.228;0.237;0.248;0.237;0.242;0.246;0.257;0.264;0.256;0.272;0.264;0.285;0.279;0.281;0.290;0.288;0.289;0.295;0.289;0.290;0.287;0.284;0.293;0.287;0.294;0.279;0.285;0.292;0.288;0.263;0.260;0.260;0.285;0.261;0.255;0.267;0.279;0.275;0.277;0.290;0.286;0.294;0.303;0.304;0.301;0.304;0.307;0.304;0.287;0.306;0.303;0.300;0.317;0.304;0.304;0.296;0.286;0.297;0.274;0.274;0.314;0.274;0.285;0.289;0.279;0.282;0.284;0.281;0.278;0.270;0.269;0.269;0.275;0.276;0.270;0.268;0.275;0.267;0.278;0.255;0.257;0.264;0.264;0.252;0.260;0.240;0.249;0.229;0.249;0.241;0.221;0.236;0.239;0.233;0.237;0.228;0.230;0.218;0.233;0.227;0.222;0.217;0.216;0.240;0.207;0.215;0.219;0.180;0.185;0.206;0.187;0.164;0.176;0.163;0.188;0.163;0.170;0.166;0.180;0.177;0.166;0.177;0.168;0.150;0.189;0.139;0.157;0.142;0.189;0.185;0.183;0.183;0.162;0.165;0.217;0.154;0.193;0.222;0.167;0.216;0.243;0.166;0.204;0.216;0.198;0.235;0.261;0.243;0.245;0.129;0.267;0.174;0.172;0.284;0.210;0.223;0.303;0.215;0.277;0.263;0.245;0.220;0.295;0.182;0.324;0.193;0.063;0.250;0.228;0.475;0.255;0.166
2.304;2.000;2.000;-0.303;0.180;-0.495;0.553;-1.116;0.513;0.453;0.263;0.145;-1.034;0.277;-0.125;0.140;0.261;0.043;0.014;0.059;0.588;-0.521;0.260;-0.063;1.295;0.102;0.086;0.018;0.229;0.060;0.048;0.058;0.082;0.018;0.066;0.062;0.050;0.041;0.027;0.041;0.060;0.082;0.051;0.057;0.073;0.039;0.069;0.071;0.077;0.066;0.080;0.070;0.078;0.075;0.072;0.068;0.053;0.053;0.046;0.051;0.048;0.046;0.047;0.052;0.056;0.049;0.048;0.047;0.044;0.043;0.047;0.066;0.084;0.106;0.124;0.140;0.146;0.160;0.170;0.182;0.195;0.193;0.203;0.210;0.213;0.211;0.216;0.214;0.226;0.225;0.233;0.243;0.240;0.243;0.242;0.250;0.257;0.248;0.262;0.256;0.280;0.257;0.270;0.282;0.275;0.276;0.282;0.270;0.280;0.281;0.271;0.276;0.270;0.274;0.269;0.275;0.283;0.271;0.264;0.250;0.253;0.268;0.245;0.243;0.252;0.265;0.265;0.266;0.280;0.274;0.284;0.288;0.289;0.286;0.279;0.284;0.277;0.279;0.290;0.291;0.271;0.299;0.281;0.287;0.279;0.266;0.279;0.263;0.259;0.291;0.262;0.284;0.264;0.263;0.268;0.271;0.263;0.258;0.262;0.250;0.251;0.270;0.256;0.248;0.245;0.264;0.253;0.254;0.248;0.240;0.251;0.256;0.240;0.244;0.225;0.251;0.222;0.238;0.224;0.220;0.235;0.233;0.220;0.226;0.227;0.217;0.218;0.215;0.216;0.226;0.207;0.219;0.205;0.210;0.204;0.198;0.184;0.167;0.187;0.180;0.156;0.187;0.163;0.184;0.154;0.152;0.168;0.168;0.169;0.173;0.166;0.162;0.151;0.168;0.150;0.144;0.169;0.207;0.193;0.181;0.185;0.152;0.169;0.183;0.195;0.180;0.193;0.164;0.202;0.235;0.197;0.156;0.231;0.175;0.219;0.229;0.202;0.215;0.174;0.198;0.210;0.143;0.208;0.188;0.175;0.231;0.281;0.098;0.250;0.219;0.141;0.161;0.158;0.100;0.155;0.014;0.150;0.284;0.264;0.198;0.127
3.400;2.000;2.000;-0.298;0.092;-0.409;1.402;-1.180;0.539;0.360;-0.007;0.011;-1.018;0.092;-0.086;0.340;-0.128;-0.049;0.083;0.302;0.856;-0.342;-0.185;-0.037;1.790;0.209;0.072;0.007;0.194;0.067;0.078;0.065;0.080;0.029;0.046;0.071;0.048;0.048;0.027;0.046;0.069;0.073;0.044;0.058;0.067;0.036;0.069;0.068;0.074;0.060;0.071;0.061;0.069;0.067;0.065;0.064;0.049;0.054;0.046;0.052;0.051;0.047;0.049;0.052;0.054;0.047;0.047;0.048;0.044;0.043;0.046;0.064;0.073;0.092;0.102;0.111;0.115;0.129;0.135;0.146;0.156;0.154;0.165;0.168;0.165;0.170;0.169;0.171;0.181;0.182;0.185;0.197;0.189;0.193;0.198;0.200;0.211;0.207;0.217;0.212;0.233;0.215;0.220;0.227;0.229;0.233;0.237;0.228;0.229;0.232;0.232;0.233;0.226;0.234;0.226;0.231;0.239;0.229;0.223;0.206;0.218;0.227;0.212;0.202;0.217;0.227;0.225;0.236;0.241;0.240;0.248;0.253;0.248;0.249;0.244;0.249;0.247;0.244;0.249;0.251;0.236;0.259;0.247;0.251;0.244;0.233;0.243;0.227;0.225;0.253;0.227;0.240;0.233;0.228;0.228;0.232;0.230;0.222;0.227;0.218;0.225;0.228;0.235;0.215;0.216;0.227;0.219;0.224;0.214;0.206;0.216;0.225;0.203;0.211;0.197;0.213;0.196;0.214;0.200;0.186;0.201;0.205;0.197;0.199;0.187;0.188;0.184;0.190;0.188;0.194;0.187;0.199;0.183;0.175;0.172;0.171;0.164;0.157;0.177;0.169;0.153;0.171;0.145;0.177;0.149;0.146;0.162;0.175;0.158;0.169;0.158;0.144;0.152;0.163;0.140;0.150;0.138;0.172;0.176;0.175;0.176;0.142;0.152;0.177;0.166;0.169;0.173;0.159;0.202;0.220;0.212;0.153;0.202;0.177;0.172;0.205;0.180;0.197;0.180;0.199;0.162;0.130;0.187;0.175;0.166;0.248;0.230;0.183;0.209;0.156;0.147;0.130;0.185;0.090;0.175;0.093;0.108;0.225;0.178;0.111;0.133
5.167;2.000;2.000;-0.284;0.695;-0.310;0.790;-1.009;0.643;0.018;-0.066;0.431;-1.336;1.038;-0.682;0.046;0.782;0.069;0.162;0.382;0.033;0.563;0.474;-0.029;0.050;0.285;0.228;-0.042;0.175;0.028;0.067;0.069;0.105;0.012;0.048;0.067;0.038;0.051;0.041;0.041;0.050;0.091;0.074;0.055;0.086;0.054;0.074;0.078;0.090;0.071;0.089;0.077;0.085;0.082;0.080;0.074;0.061;0.059;0.051;0.059;0.052;0.050;0.053;0.056;0.064;0.055;0.052;0.054;0.046;0.050;0.053;0.072;0.091;0.111;0.132;0.139;0.144;0.163;0.170;0.180;0.198;0.200;0.210;0.217;0.220;0.221;0.226;0.225;0.236;0.233;0.245;0.262;0.246;0.254;0.259;0.267;0.277;0.270;0.283;0.273;0.296;0.290;0.289;0.298;0.299;0.303;0.293;0.295;0.296;0.294;0.301;0.306;0.300;0.308;0.289;0.304;0.310;0.305;0.283;0.279;0.285;0.294;0.274;0.279;0.287;0.304;0.299;0.299;0.312;0.304;0.322;0.327;0.332;0.324;0.323;0.320;0.322;0.313;0.330;0.336;0.317;0.340;0.329;0.335;0.327;0.326;0.321;0.304;0.299;0.326;0.303;0.326;0.310;0.302;0.308;0.316;0.307;0.314;0.304;0.294;0.300;0.314;0.309;0.299;0.310;0.316;0.301;0.301;0.295;0.292;0.284;0.310;0.281;0.288;0.256;0.288;0.264;0.279;0.268;0.257;0.268;0.264;0.265;0.269;0.243;0.263;0.251;0.256;0.242;0.256;0.250;0.256;0.260;0.259;0.245;0.226;0.221;0.222;0.245;0.220;0.195;0.224;0.214;0.218;0.197;0.214;0.188;0.218;0.200;0.223;0.198;0.198;0.196;0.196;0.183;0.214;0.196;0.230;0.224;0.228;0.235;0.199;0.203;0.282;0.211;0.258;0.249;0.203;0.283;0.281;0.253;0.256;0.299;0.241;0.223;0.318;0.278;0.267;0.189;0.356;0.223;0.235;0.267;0.242;0.296;0.375;0.301;0.251;0.352;0.495;0.198;0.238;0.375;0.340;0.150;0.213;0.218;0.409;0.416;0.274;0.382
1.829;2.000;2.000;-0.643;-0.282;-0.296;0.009;-1.010;0.032;-0.262;-0.045;0.113;-0.933;0.271;-0.888;0.046;0.726;0.205;0.049;0.510;0.159;0.736;0.543;-0.036;0.354;0.422;0.242;0.027;0.206;0.053;0.095;0.115;0.107;0.007;0.066;0.073;0.064;0.049;0.056;0.056;0.053;0.099;0.090;0.067;0.094;0.070;0.086;0.088;0.103;0.085;0.100;0.093;0.098;0.096;0.094;0.085;0.070;0.068;0.058;0.065;0.061;0.058;0.064;0.065;0.076;0.066;0.061;0.063;0.054;0.056;0.061;0.082;0.108;0.134;0.162;0.180;0.188;0.205;0.219;0.229;0.247;0.244;0.256;0.263;0.265;0.263;0.267;0.265;0.281;0.272;0.290;0.304;0.285;0.297;0.299;0.304;0.314;0.317;0.321;0.315;0.334;0.327;0.326;0.339;0.336;0.343;0.329;0.332;0.336;0.331;0.328;0.341;0.330;0.341;0.324;0.330;0.334;0.332;0.310;0.314;0.316;0.325;0.308;0.307;0.315;0.334;0.332;0.335;0.338;0.329;0.351;0.355;0.352;0.345;0.350;0.344;0.349;0.339;0.347;0.363;0.343;0.358;0.349;0.358;0.348;0.347;0.346;0.323;0.323;0.348;0.321;0.339;0.329;0.322;0.322;0.330;0.331;0.320;0.318;0.316;0.312;0.340;0.319;0.320;0.315;0.325;0.318;0.316;0.310;0.301;0.309;0.316;0.292;0.305;0.273;0.301;0.275;0.295;0.279;0.275;0.284;0.273;0.282;0.286;0.264;0.268;0.270;0.266;0.264;0.276;0.256;0.256;0.275;0.266;0.274;0.250;0.242;0.230;0.258;0.229;0.215;0.247;0.224;0.242;0.215;0.223;0.214;0.233;0.222;0.236;0.216;0.219;0.211;0.225;0.208;0.216;0.216;0.257;0.233;0.247;0.245;0.219;0.205;0.286;0.238;0.268;0.278;0.216;0.293;0.328;0.255;0.245;0.323;0.255;0.240;0.342;0.328;0.293;0.196;0.315;0.260;0.242;0.297;0.228;0.302;0.336;0.271;0.250;0.347;0.439;0.213;0.249;0.325;0.309;0.150;0.173;0.204;0.347;0.380;0.247;0.289
1.946;2.000;2.000;-0.210;0.496;-0.509;0.385;-1.108;0.483;0.607;0.098;0.047;-1.025;0.317;-0.057;0.215;0.044;-0.244;-0.100;0.261;0.568;-0.194;-0.058;-0.053;0.782;0.128;0.245;-0.025;0.136;0.037;0.073;0.038;0.065;0.029;0.056;0.052;0.041;0.048;0.029;0.038;0.051;0.065;0.044;0.054;0.061;0.037;0.065;0.065;0.071;0.058;0.073;0.063;0.072;0.067;0.066;0.062;0.045;0.048;0.040;0.045;0.042;0.042;0.043;0.046;0.050;0.044;0.042;0.041;0.038;0.037;0.042;0.061;0.077;0.097;0.118;0.128;0.137;0.151;0.159;0.172;0.181;0.180;0.195;0.199;0.197;0.198;0.203;0.202;0.212;0.210;0.218;0.226;0.220;0.228;0.231;0.233;0.243;0.234;0.247;0.245;0.260;0.242;0.254;0.263;0.259;0.261;0.267;0.256;0.261;0.262;0.258;0.263;0.252;0.260;0.255;0.263;0.262;0.257;0.251;0.230;0.245;0.254;0.238;0.234;0.238;0.258;0.245;0.256;0.265;0.258;0.268;0.270;0.271;0.269;0.264;0.273;0.265;0.262;0.274;0.270;0.258;0.279;0.266;0.280;0.260;0.254;0.263;0.242;0.249;0.274;0.248;0.258;0.250;0.250;0.248;0.261;0.249;0.245;0.237;0.240;0.246;0.250;0.250;0.238;0.242;0.245;0.238;0.247;0.233;0.228;0.239;0.244;0.220;0.234;0.212;0.236;0.214;0.221;0.215;0.191;0.216;0.215;0.206;0.220;0.204;0.210;0.192;0.195;0.205;0.209;0.212;0.205;0.199;0.194;0.191;0.181;0.165;0.151;0.179;0.163;0.149;0.158;0.145;0.169;0.132;0.153;0.151;0.161;0.151;0.152;0.152;0.152;0.128;0.159;0.131;0.151;0.124;0.180;0.172;0.155;0.168;0.137;0.140;0.173;0.149;0.174;0.189;0.145;0.172;0.245;0.155;0.148;0.191;0.165;0.185;0.212;0.195;0.201;0.142;0.224;0.134;0.144;0.198;0.168;0.158;0.263;0.227;0.122;0.206;0.190;0.164;0.202;0.093;0.176;0.127;0.039;0.127;0.184;0.357;0.148;0.083
