Marmoreio;200;205;210;215;220;225;230;235;240;245;250;255;260;265;270;275;280;285;290;295;300;305;310;315;320;325;330;335;340;345;350;355;360;365;370;375;380;385;390;395;400;405;410;415;420;425;430;435;440;445;450;455;460;465;470;475;480;485;490;495;500;505;510;515;520;525;530;535;540;545;550;555;560;565;570;575;580;585;590;595;600;605;610;615;620;625;630;635;640;645;650;655;660;665;670;675;680;685;690;695;700;705;710;715;720;725;730;735;740;745;750;755;760;765;770;775;780;785;790;795;800;805;810;815;820;825;830;835;840;845;850;855;860;865;870;875;880;885;890;895;900;905;910;915;920;925;930;935;940;945;950;955;960;965;970;975;980;985;990;995;1000;1005;1010;1015;1020;1025;1030;1035;1040;1045;1050;1055;1060;1065;1070;1075;1080;1085;1090;1095;1100;1105;1110;1115;1120;1125;1130;1135;1140;1145;1150;1155;1160;1165;1170;1175;1180;1185;1190;1195;1200;1205;1210;1215;1220;1225;1230;1235;1240;1245;1250;1255;1260;1265;1270;1275;1280;1285;1290;1295;1300;1305;1310;1315;1320;1325;1330;1335;1340;1345;1350;1355;1360;1365;1370;1375;1380;1385;1390;1395;1400;1405;1410;1415;1420;1425;1430;1435;1440;1445;1450;1455;1460;1465;1470;1475;1480;1485;1490;1495
425;2.0;2.0;-0.435;0.276;-0.054000000000000006;1.462;-1.053;0.18899999999999997;0.7240000000000001;-0.271;0.127;-1.2919999999999998;-0.013000000000000001;0.309;0.37;0.397;0.096;0.29100000000000004;0.3;0.7120000000000001;0.31;0.271;0.06;0.987;-0.015;0.20600000000000002;0.057999999999999996;0.15;0.019;0.11699999999999999;0.066;0.057;0.023;0.081;0.054000000000000006;0.038;0.040999999999999995;0.033;0.027999999999999997;0.04;0.065;0.052000000000000005;0.046;0.059000000000000004;0.037000000000000005;0.06;0.062;0.068;0.051;0.065;0.057;0.063;0.06;0.059000000000000004;0.053;0.045;0.047;0.04;0.046;0.040999999999999995;0.040999999999999995;0.042;0.042;0.048;0.040999999999999995;0.038;0.040999999999999995;0.037000000000000005;0.040999999999999995;0.04;0.055;0.065;0.081;0.095;0.105;0.11;0.12;0.131;0.139;0.153;0.151;0.159;0.166;0.16699999999999998;0.172;0.175;0.174;0.184;0.183;0.187;0.2;0.19399999999999998;0.20199999999999999;0.19899999999999998;0.21;0.21;0.215;0.218;0.218;0.23199999999999998;0.231;0.226;0.239;0.243;0.239;0.24100000000000002;0.235;0.23600000000000002;0.247;0.23800000000000002;0.245;0.244;0.251;0.23800000000000002;0.243;0.24600000000000002;0.243;0.22899999999999998;0.21899999999999997;0.223;0.22899999999999998;0.225;0.218;0.23199999999999998;0.237;0.237;0.24;0.253;0.254;0.255;0.266;0.256;0.261;0.262;0.263;0.263;0.259;0.275;0.265;0.263;0.263;0.26899999999999996;0.272;0.254;0.253;0.259;0.245;0.244;0.265;0.245;0.254;0.248;0.243;0.247;0.247;0.24100000000000002;0.247;0.23600000000000002;0.23199999999999998;0.23800000000000002;0.243;0.23800000000000002;0.22899999999999998;0.23600000000000002;0.23800000000000002;0.22699999999999998;0.237;0.228;0.215;0.223;0.235;0.222;0.22399999999999998;0.205;0.22399999999999998;0.20600000000000002;0.217;0.209;0.196;0.204;0.204;0.198;0.212;0.19;0.20199999999999999;0.196;0.19699999999999998;0.195;0.187;0.204;0.195;0.193;0.191;0.179;0.18899999999999997;0.166;0.145;0.198;0.14;0.13699999999999998;0.156;0.138;0.17600000000000002;0.142;0.14;0.161;0.153;0.14300000000000002;0.156;0.14300000000000002;0.14800000000000002;0.136;0.139;0.15;0.138;0.131;0.177;0.163;0.18100000000000002;0.17600000000000002;0.145;0.16899999999999998;0.168;0.147;0.185;0.18;0.175;0.217;0.203;0.19;0.203;0.17300000000000001;0.18;0.183;0.2;0.26899999999999996;0.243;0.138;0.23199999999999998;0.096;0.15;0.242;0.138;0.209;0.29100000000000004;0.24100000000000002;0.191;0.318;0.177;0.125;0.242;0.12;0.28800000000000003;0.177;0.054000000000000006;0.252;0.21600000000000003;0.243;0.2;0.214
500;2.0;2.0;-0.036000000000000004;0.693;0.062;0.8220000000000001;-0.508;0.2;0.456;-0.222;0.716;-1.014;0.191;0.17;1.092;0.721;0.35700000000000004;0.5770000000000001;0.445;1.186;0.33;1.227;0.19;0.602;0.10099999999999999;0.23399999999999999;-0.009000000000000001;0.14400000000000002;0.048;0.121;0.08199999999999999;0.073;0.023;0.078;0.063;0.046;0.036000000000000004;0.027999999999999997;0.040999999999999995;0.051;0.068;0.062;0.052000000000000005;0.059000000000000004;0.048;0.064;0.061;0.073;0.055999999999999994;0.07200000000000001;0.064;0.07;0.069;0.067;0.059000000000000004;0.049;0.047;0.04;0.046;0.042;0.042;0.043;0.046;0.051;0.042;0.040999999999999995;0.042;0.037000000000000005;0.040999999999999995;0.043;0.064;0.08199999999999999;0.105;0.127;0.14800000000000002;0.156;0.168;0.18100000000000002;0.195;0.207;0.207;0.214;0.22;0.22399999999999998;0.22699999999999998;0.22699999999999998;0.233;0.243;0.243;0.252;0.265;0.254;0.262;0.264;0.27399999999999997;0.27;0.278;0.287;0.285;0.297;0.28800000000000003;0.293;0.299;0.306;0.3;0.304;0.295;0.293;0.313;0.301;0.309;0.307;0.31;0.298;0.306;0.312;0.306;0.289;0.282;0.285;0.29100000000000004;0.28300000000000003;0.27;0.287;0.301;0.294;0.29;0.311;0.308;0.307;0.318;0.312;0.319;0.305;0.32;0.317;0.312;0.325;0.315;0.312;0.311;0.322;0.318;0.31;0.297;0.306;0.293;0.29;0.315;0.29100000000000004;0.303;0.29100000000000004;0.293;0.293;0.29100000000000004;0.293;0.289;0.292;0.27699999999999997;0.282;0.287;0.281;0.28;0.28300000000000003;0.284;0.273;0.282;0.26899999999999996;0.268;0.26;0.29100000000000004;0.259;0.267;0.24600000000000002;0.264;0.243;0.24600000000000002;0.252;0.237;0.25;0.24600000000000002;0.22899999999999998;0.248;0.235;0.235;0.23399999999999999;0.22699999999999998;0.237;0.23600000000000002;0.24;0.223;0.235;0.214;0.22699999999999998;0.218;0.203;0.182;0.22899999999999998;0.175;0.17600000000000002;0.192;0.192;0.2;0.18;0.17300000000000001;0.19;0.182;0.179;0.184;0.191;0.166;0.166;0.168;0.187;0.166;0.17300000000000001;0.19699999999999998;0.23199999999999998;0.20600000000000002;0.207;0.193;0.207;0.19399999999999998;0.18899999999999997;0.183;0.239;0.215;0.21100000000000002;0.252;0.20800000000000002;0.212;0.209;0.18;0.19399999999999998;0.268;0.253;0.26899999999999996;0.157;0.29600000000000004;0.14800000000000002;0.213;0.191;0.212;0.273;0.31;0.255;0.245;0.289;0.158;0.191;0.139;0.264;0.319;0.156;0.16699999999999998;0.266;0.19399999999999998;0.304;0.231;0.171
700;2.0;2.0;-0.20199999999999999;0.565;-0.47200000000000003;0.5920000000000001;-1.445;0.267;1.11;0.017;0.187;-1.093;0.049;0.179;0.555;0.451;0.166;0.20199999999999999;0.385;1.3630000000000002;0.45399999999999996;0.124;-0.008;1.6019999999999999;0.121;0.19399999999999998;-0.028999999999999998;0.254;0.062;0.081;0.064;0.106;0.005;0.07200000000000001;0.057;0.042;0.032;0.028999999999999998;0.018000000000000002;0.03;0.064;0.043;0.033;0.05;0.028999999999999998;0.054000000000000006;0.05;0.054000000000000006;0.043;0.057999999999999996;0.049;0.057;0.05;0.051;0.046;0.037000000000000005;0.039;0.028999999999999998;0.039;0.035;0.034;0.034;0.034;0.04;0.034;0.031;0.034;0.028999999999999998;0.034;0.032;0.047;0.055999999999999994;0.07;0.08199999999999999;0.095;0.102;0.107;0.11699999999999999;0.12;0.136;0.138;0.14300000000000002;0.147;0.154;0.152;0.152;0.156;0.165;0.161;0.168;0.177;0.17;0.177;0.17600000000000002;0.18600000000000003;0.185;0.187;0.191;0.191;0.203;0.201;0.19899999999999998;0.205;0.20600000000000002;0.21100000000000002;0.212;0.207;0.20600000000000002;0.214;0.201;0.21600000000000003;0.213;0.218;0.20199999999999999;0.20600000000000002;0.209;0.205;0.19399999999999998;0.187;0.19399999999999998;0.201;0.191;0.18600000000000003;0.196;0.20800000000000002;0.204;0.205;0.213;0.207;0.214;0.221;0.221;0.22399999999999998;0.214;0.218;0.218;0.217;0.22399999999999998;0.222;0.21600000000000003;0.218;0.221;0.223;0.21600000000000003;0.209;0.215;0.198;0.19899999999999998;0.21899999999999997;0.195;0.212;0.204;0.204;0.195;0.198;0.20199999999999999;0.196;0.19899999999999998;0.18899999999999997;0.191;0.205;0.192;0.19;0.187;0.2;0.192;0.193;0.187;0.175;0.18600000000000003;0.195;0.177;0.185;0.165;0.184;0.162;0.171;0.172;0.15;0.17;0.172;0.16;0.16899999999999998;0.152;0.166;0.162;0.14800000000000002;0.159;0.157;0.162;0.151;0.14800000000000002;0.154;0.146;0.139;0.136;0.113;0.157;0.105;0.106;0.11900000000000001;0.11;0.13;0.109;0.096;0.122;0.115;0.109;0.113;0.126;0.111;0.107;0.1;0.10400000000000001;0.095;0.096;0.147;0.138;0.127;0.14;0.12;0.11900000000000001;0.12300000000000001;0.098;0.121;0.152;0.113;0.172;0.18;0.138;0.134;0.126;0.155;0.14300000000000002;0.159;0.187;0.182;0.096;0.205;0.059000000000000004;0.11900000000000001;0.163;0.11;0.127;0.233;0.162;0.14;0.23800000000000002;0.08;0.138;0.107;0.10300000000000001;0.19899999999999998;0.11900000000000001;0.062;0.212;0.165;0.125;0.145;0.08199999999999999
425;2.0;2.0;-0.12300000000000001;0.486;-0.252;0.31;-1.5130000000000001;0.048;0.835;-0.037000000000000005;0.363;-1.128;-0.121;-0.016;0.374;0.313;0.23399999999999999;0.25;0.272;0.33399999999999996;0.359;0.243;-0.168;0.47;0.057;0.209;-0.084;0.049;0.018000000000000002;0.06;0.05;0.075;0.026000000000000002;0.045;0.028999999999999998;0.02;0.022000000000000002;0.012;0.026000000000000002;0.028999999999999998;0.040999999999999995;0.045;0.036000000000000004;0.037000000000000005;0.022000000000000002;0.044000000000000004;0.042;0.051;0.036000000000000004;0.049;0.045;0.05;0.045;0.046;0.039;0.034;0.034;0.027000000000000003;0.034;0.027999999999999997;0.03;0.027999999999999997;0.03;0.036000000000000004;0.027999999999999997;0.027000000000000003;0.028999999999999998;0.025;0.027999999999999997;0.027999999999999997;0.042;0.051;0.067;0.078;0.087;0.09;0.099;0.106;0.11199999999999999;0.124;0.122;0.127;0.133;0.136;0.133;0.13699999999999998;0.136;0.146;0.141;0.149;0.159;0.152;0.155;0.161;0.161;0.165;0.166;0.17300000000000001;0.166;0.182;0.171;0.17300000000000001;0.183;0.187;0.182;0.188;0.18100000000000002;0.18600000000000003;0.18600000000000003;0.17800000000000002;0.18600000000000003;0.18600000000000003;0.191;0.17600000000000002;0.185;0.188;0.18600000000000003;0.174;0.16699999999999998;0.16899999999999998;0.18;0.16899999999999998;0.166;0.17;0.187;0.179;0.177;0.18899999999999997;0.18100000000000002;0.192;0.193;0.193;0.191;0.191;0.196;0.196;0.188;0.198;0.198;0.18899999999999997;0.198;0.19699999999999998;0.19899999999999998;0.191;0.184;0.191;0.174;0.174;0.193;0.174;0.184;0.182;0.174;0.18100000000000002;0.18100000000000002;0.18;0.17600000000000002;0.175;0.172;0.17600000000000002;0.183;0.171;0.172;0.172;0.174;0.168;0.17600000000000002;0.16699999999999998;0.156;0.168;0.174;0.159;0.156;0.147;0.165;0.151;0.152;0.151;0.139;0.153;0.151;0.141;0.152;0.13699999999999998;0.15;0.141;0.141;0.136;0.14800000000000002;0.151;0.139;0.136;0.141;0.134;0.127;0.102;0.10400000000000001;0.149;0.09699999999999999;0.094;0.113;0.102;0.125;0.091;0.1;0.115;0.102;0.098;0.107;0.10800000000000001;0.09300000000000001;0.08;0.106;0.10300000000000001;0.099;0.08800000000000001;0.129;0.11800000000000001;0.126;0.109;0.105;0.11900000000000001;0.11599999999999999;0.096;0.111;0.132;0.1;0.122;0.14800000000000002;0.14;0.102;0.095;0.11;0.136;0.139;0.154;0.125;0.105;0.17600000000000002;0.067;0.077;0.11900000000000001;0.084;0.114;0.166;0.11;0.129;0.16;0.08199999999999999;0.067;0.10099999999999999;0.062;0.183;-0.008;0.039;0.12300000000000001;0.053;0.142;0.057999999999999996;0.078
400;2.0;2.0;-0.10300000000000001;0.838;0.175;0.69;-0.767;-0.102;0.55;-0.025;0.499;0.322;0.125;0.049;0.392;0.5539999999999999;0.4;0.14;0.19;2.114;0.5429999999999999;0.14;-0.129;0.7759999999999999;0.201;0.183;-0.005;0.166;0.085;0.055999999999999994;0.027000000000000003;0.11599999999999999;0.025;0.065;0.064;0.061;0.043;0.042;0.043;0.042;0.086;0.064;0.06;0.076;0.053;0.081;0.079;0.086;0.068;0.084;0.076;0.084;0.076;0.076;0.071;0.057999999999999996;0.059000000000000004;0.049;0.054000000000000006;0.051;0.052000000000000005;0.053;0.053;0.061;0.054000000000000006;0.051;0.052000000000000005;0.046;0.052000000000000005;0.051;0.073;0.08800000000000001;0.113;0.128;0.142;0.153;0.16;0.174;0.183;0.19699999999999998;0.19399999999999998;0.203;0.209;0.21;0.212;0.213;0.215;0.226;0.223;0.22699999999999998;0.23800000000000002;0.228;0.24100000000000002;0.24100000000000002;0.248;0.248;0.247;0.259;0.259;0.268;0.262;0.264;0.281;0.275;0.27699999999999997;0.281;0.275;0.26899999999999996;0.28;0.272;0.281;0.27699999999999997;0.28;0.267;0.26899999999999996;0.28;0.273;0.264;0.259;0.257;0.26899999999999996;0.253;0.254;0.258;0.28;0.266;0.272;0.282;0.27399999999999997;0.281;0.294;0.294;0.287;0.28800000000000003;0.292;0.29100000000000004;0.285;0.3;0.29600000000000004;0.285;0.28800000000000003;0.292;0.298;0.28300000000000003;0.28300000000000003;0.28600000000000003;0.265;0.267;0.285;0.266;0.28;0.268;0.273;0.262;0.27;0.259;0.263;0.264;0.256;0.264;0.263;0.26;0.254;0.253;0.256;0.252;0.26;0.25;0.23399999999999999;0.25;0.256;0.244;0.242;0.23;0.24600000000000002;0.228;0.247;0.235;0.218;0.235;0.233;0.226;0.24100000000000002;0.22;0.228;0.22699999999999998;0.221;0.22899999999999998;0.221;0.23600000000000002;0.221;0.22;0.215;0.223;0.212;0.185;0.16699999999999998;0.23399999999999999;0.18;0.166;0.195;0.174;0.198;0.182;0.16;0.18899999999999997;0.175;0.17;0.17600000000000002;0.174;0.16899999999999998;0.16699999999999998;0.16699999999999998;0.177;0.162;0.14400000000000002;0.204;0.198;0.19399999999999998;0.212;0.18100000000000002;0.188;0.209;0.166;0.19;0.209;0.184;0.218;0.252;0.188;0.19699999999999998;0.198;0.20800000000000002;0.207;0.249;0.245;0.272;0.14400000000000002;0.259;0.136;0.172;0.239;0.19399999999999998;0.21100000000000002;0.275;0.257;0.18600000000000003;0.33899999999999997;0.193;0.183;0.233;0.191;0.187;0.161;0.182;0.14300000000000002;0.222;0.23800000000000002;0.158;0.226
700;2.0;2.0;-0.225;0.22699999999999998;-0.395;0.9440000000000001;-0.629;0.171;0.37799999999999995;0.20199999999999999;0.172;-1.3219999999999998;0.133;0.23399999999999999;0.574;0.643;0.247;0.316;0.376;0.669;0.467;0.278;-0.083;1.505;0.22899999999999998;0.157;-0.04;0.21;0.053;0.087;0.061;0.1;0.019;0.06;0.057999999999999996;0.027999999999999997;0.023;0.027000000000000003;0.024;0.021;0.07200000000000001;0.049;0.042;0.045;0.031;0.051;0.05;0.055999999999999994;0.040999999999999995;0.059000000000000004;0.051;0.054000000000000006;0.051;0.051;0.045;0.036000000000000004;0.038;0.027999999999999997;0.035;0.031;0.031;0.032;0.032;0.038;0.032;0.03;0.032;0.027000000000000003;0.03;0.031;0.048;0.062;0.08199999999999999;0.096;0.111;0.121;0.132;0.146;0.152;0.163;0.168;0.17300000000000001;0.18;0.185;0.187;0.184;0.192;0.201;0.201;0.205;0.21899999999999997;0.21;0.22;0.221;0.223;0.228;0.233;0.24;0.237;0.255;0.242;0.242;0.259;0.263;0.264;0.264;0.256;0.26;0.26899999999999996;0.258;0.268;0.268;0.271;0.26;0.258;0.263;0.262;0.254;0.244;0.24600000000000002;0.256;0.243;0.23399999999999999;0.248;0.26;0.258;0.256;0.271;0.265;0.273;0.285;0.282;0.27899999999999997;0.27899999999999997;0.278;0.28;0.27399999999999997;0.292;0.285;0.27899999999999997;0.278;0.284;0.28600000000000003;0.276;0.272;0.27899999999999997;0.263;0.261;0.282;0.252;0.27;0.262;0.261;0.258;0.261;0.261;0.26;0.259;0.247;0.25;0.26;0.253;0.25;0.249;0.257;0.245;0.256;0.245;0.231;0.243;0.252;0.233;0.242;0.218;0.243;0.221;0.226;0.21899999999999997;0.205;0.22699999999999998;0.22899999999999998;0.214;0.233;0.207;0.221;0.21600000000000003;0.201;0.21899999999999997;0.214;0.21600000000000003;0.212;0.21100000000000002;0.20800000000000002;0.196;0.19;0.195;0.165;0.21600000000000003;0.16399999999999998;0.15;0.172;0.154;0.174;0.161;0.141;0.17600000000000002;0.159;0.155;0.17300000000000001;0.172;0.151;0.156;0.157;0.18;0.159;0.142;0.183;0.174;0.188;0.2;0.17800000000000002;0.193;0.166;0.147;0.17800000000000002;0.205;0.154;0.22899999999999998;0.217;0.203;0.209;0.185;0.196;0.22399999999999998;0.20199999999999999;0.284;0.265;0.138;0.24600000000000002;0.129;0.179;0.223;0.14;0.18899999999999997;0.31;0.257;0.223;0.335;0.154;0.172;0.244;0.132;0.306;0.244;0.055;0.276;0.163;0.22699999999999998;0.177;0.192
400;2.0;2.0;-0.13;0.247;-0.128;1.0590000000000002;-0.695;1.297;0.6679999999999999;0.057;0.52;-1.1159999999999999;0.040999999999999995;0.18600000000000003;0.275;1.16;0.36;0.31;0.55;0.9159999999999999;0.495;0.125;-0.09300000000000001;0.968;0.156;0.17300000000000001;0.09699999999999999;0.28800000000000003;0.09;0.08;0.08;0.092;0.01;0.055;0.073;0.05;0.043;0.046;0.044000000000000004;0.062;0.083;0.063;0.055;0.08199999999999999;0.057999999999999996;0.08;0.083;0.085;0.07200000000000001;0.09;0.081;0.086;0.083;0.081;0.07400000000000001;0.061;0.059000000000000004;0.049;0.055;0.05;0.052000000000000005;0.053;0.055999999999999994;0.064;0.055;0.051;0.052000000000000005;0.045;0.05;0.052000000000000005;0.07400000000000001;0.095;0.12;0.14;0.157;0.16699999999999998;0.17800000000000002;0.192;0.20199999999999999;0.21600000000000003;0.222;0.228;0.23600000000000002;0.24;0.239;0.243;0.244;0.255;0.251;0.262;0.273;0.261;0.275;0.27399999999999997;0.27899999999999997;0.27899999999999997;0.29100000000000004;0.295;0.294;0.309;0.294;0.298;0.315;0.312;0.315;0.314;0.308;0.313;0.319;0.308;0.314;0.318;0.315;0.308;0.31;0.319;0.312;0.298;0.28600000000000003;0.293;0.3;0.292;0.285;0.294;0.314;0.303;0.306;0.319;0.32;0.32299999999999995;0.332;0.325;0.327;0.326;0.326;0.33299999999999996;0.326;0.336;0.33399999999999996;0.32;0.32799999999999996;0.337;0.33899999999999997;0.316;0.309;0.324;0.302;0.3;0.326;0.306;0.315;0.305;0.302;0.3;0.306;0.304;0.301;0.3;0.29600000000000004;0.293;0.298;0.3;0.292;0.293;0.298;0.281;0.289;0.27899999999999997;0.272;0.27699999999999997;0.303;0.276;0.276;0.252;0.27699999999999997;0.257;0.264;0.265;0.24600000000000002;0.257;0.261;0.24600000000000002;0.263;0.247;0.255;0.25;0.244;0.251;0.248;0.252;0.23800000000000002;0.253;0.237;0.247;0.221;0.20600000000000002;0.177;0.239;0.184;0.179;0.19399999999999998;0.19399999999999998;0.20600000000000002;0.17600000000000002;0.174;0.192;0.182;0.19;0.205;0.19;0.177;0.161;0.17600000000000002;0.193;0.17800000000000002;0.16899999999999998;0.215;0.215;0.201;0.21600000000000003;0.179;0.20600000000000002;0.196;0.17800000000000002;0.207;0.239;0.195;0.215;0.257;0.223;0.213;0.214;0.185;0.248;0.248;0.25;0.28600000000000003;0.16699999999999998;0.28;0.138;0.18899999999999997;0.266;0.179;0.23;0.32;0.23199999999999998;0.205;0.33;0.146;0.187;0.257;0.182;0.217;0.152;0.11;0.37799999999999995;0.156;0.26;0.204;0.195
400;2.0;2.0;-0.255;0.253;-0.149;0.95;-1.1340000000000001;0.531;0.528;0.071;0.371;-0.828;0.162;0.064;0.597;0.5379999999999999;0.456;0.318;0.473;0.578;0.6659999999999999;0.33799999999999997;-0.01;1.245;0.192;0.239;-0.004;0.19699999999999998;0.084;0.094;0.06;0.08900000000000001;0.016;0.065;0.064;0.04;0.034;0.028999999999999998;0.035;0.052000000000000005;0.075;0.062;0.053;0.062;0.042;0.069;0.064;0.07400000000000001;0.057999999999999996;0.07400000000000001;0.065;0.07;0.068;0.066;0.06;0.052000000000000005;0.05;0.04;0.047;0.043;0.043;0.044000000000000004;0.046;0.052000000000000005;0.044000000000000004;0.043;0.042;0.039;0.043;0.042;0.062;0.078;0.098;0.113;0.126;0.134;0.14400000000000002;0.155;0.16699999999999998;0.177;0.18;0.18600000000000003;0.19399999999999998;0.198;0.19699999999999998;0.198;0.203;0.214;0.209;0.217;0.226;0.22;0.22899999999999998;0.23199999999999998;0.23600000000000002;0.244;0.24100000000000002;0.247;0.248;0.261;0.256;0.256;0.26899999999999996;0.26899999999999996;0.27;0.271;0.262;0.266;0.276;0.267;0.27699999999999997;0.27699999999999997;0.27;0.268;0.271;0.28;0.272;0.257;0.249;0.25;0.265;0.254;0.245;0.258;0.27399999999999997;0.265;0.271;0.27699999999999997;0.278;0.28600000000000003;0.289;0.28600000000000003;0.287;0.285;0.294;0.29;0.285;0.29600000000000004;0.295;0.28600000000000003;0.298;0.29100000000000004;0.295;0.293;0.273;0.28800000000000003;0.267;0.268;0.289;0.26899999999999996;0.281;0.27;0.26899999999999996;0.262;0.271;0.266;0.268;0.261;0.253;0.268;0.267;0.264;0.251;0.259;0.259;0.254;0.258;0.257;0.243;0.252;0.264;0.242;0.24600000000000002;0.226;0.25;0.231;0.235;0.22699999999999998;0.22;0.22399999999999998;0.23199999999999998;0.223;0.222;0.22;0.226;0.218;0.213;0.21600000000000003;0.217;0.21899999999999997;0.20800000000000002;0.21600000000000003;0.207;0.198;0.19899999999999998;0.183;0.16399999999999998;0.214;0.155;0.159;0.172;0.16699999999999998;0.179;0.15;0.145;0.168;0.158;0.162;0.174;0.168;0.146;0.147;0.151;0.17600000000000002;0.142;0.157;0.192;0.205;0.191;0.192;0.172;0.185;0.17600000000000002;0.17;0.18100000000000002;0.19;0.18;0.218;0.22899999999999998;0.18600000000000003;0.168;0.198;0.218;0.2;0.223;0.259;0.23800000000000002;0.18100000000000002;0.253;0.128;0.192;0.245;0.182;0.239;0.261;0.281;0.23199999999999998;0.265;0.177;0.228;0.22699999999999998;0.254;0.27399999999999997;0.122;0.16399999999999998;0.26899999999999996;0.165;0.31;0.248;0.209
500;2.0;2.0;-0.163;0.342;1.002;1.4;-1.3659999999999999;0.223;0.331;0.375;0.599;-0.672;0.17800000000000002;0.09699999999999999;0.637;0.591;0.897;0.385;0.295;1.5;0.435;0.193;0.023;1.496;0.094;0.23800000000000002;0.08;0.2;0.048;0.08800000000000001;0.078;0.09;0.026000000000000002;0.066;0.057999999999999996;0.040999999999999995;0.037000000000000005;0.038;0.033;0.055999999999999994;0.065;0.052000000000000005;0.048;0.051;0.034;0.06;0.057999999999999996;0.061;0.052000000000000005;0.061;0.055;0.061;0.055999999999999994;0.059000000000000004;0.051;0.043;0.046;0.034;0.046;0.04;0.039;0.039;0.039;0.047;0.04;0.036000000000000004;0.039;0.036000000000000004;0.039;0.039;0.054000000000000006;0.063;0.08199999999999999;0.09300000000000001;0.10800000000000001;0.111;0.11900000000000001;0.129;0.136;0.152;0.151;0.161;0.166;0.16899999999999998;0.16899999999999998;0.17;0.171;0.182;0.179;0.185;0.19699999999999998;0.19;0.19899999999999998;0.19899999999999998;0.203;0.205;0.21600000000000003;0.217;0.21;0.22699999999999998;0.218;0.222;0.23600000000000002;0.23600000000000002;0.23600000000000002;0.23800000000000002;0.23399999999999999;0.235;0.243;0.235;0.24100000000000002;0.24;0.245;0.23199999999999998;0.239;0.24100000000000002;0.23399999999999999;0.225;0.222;0.223;0.228;0.22;0.209;0.22399999999999998;0.237;0.237;0.23399999999999999;0.249;0.243;0.24600000000000002;0.251;0.253;0.256;0.245;0.257;0.253;0.251;0.26;0.254;0.249;0.253;0.255;0.259;0.24600000000000002;0.244;0.245;0.237;0.23399999999999999;0.254;0.22899999999999998;0.244;0.23;0.239;0.231;0.23800000000000002;0.23399999999999999;0.233;0.228;0.22399999999999998;0.22899999999999998;0.23800000000000002;0.22899999999999998;0.226;0.22399999999999998;0.23199999999999998;0.222;0.226;0.222;0.205;0.217;0.226;0.212;0.212;0.19699999999999998;0.214;0.19;0.204;0.203;0.187;0.205;0.203;0.19399999999999998;0.203;0.18100000000000002;0.19699999999999998;0.19;0.188;0.18899999999999997;0.18600000000000003;0.19899999999999998;0.183;0.188;0.195;0.18600000000000003;0.182;0.153;0.14400000000000002;0.18600000000000003;0.134;0.141;0.156;0.147;0.16699999999999998;0.145;0.13;0.163;0.131;0.14400000000000002;0.157;0.153;0.14400000000000002;0.134;0.13699999999999998;0.154;0.12;0.14;0.175;0.17800000000000002;0.179;0.17;0.14400000000000002;0.17600000000000002;0.149;0.152;0.182;0.177;0.175;0.19699999999999998;0.20199999999999999;0.193;0.165;0.175;0.19399999999999998;0.159;0.187;0.239;0.21;0.125;0.287;0.091;0.175;0.212;0.147;0.19899999999999998;0.27899999999999997;0.218;0.201;0.247;0.136;0.21899999999999997;0.204;0.16399999999999998;0.242;0.10400000000000001;0.09;0.28600000000000003;0.14;0.23600000000000002;0.20600000000000002;0.09300000000000001
500;2.0;2.0;-0.157;0.354;0.076;1.2209999999999999;0.121;2.3080000000000003;0.385;0.14300000000000002;0.764;-0.961;0.102;0.248;0.47600000000000003;0.667;0.526;0.193;0.679;0.542;0.589;0.207;0.036000000000000004;0.8109999999999999;0.107;0.198;0.005;0.18;0.073;0.06;0.091;0.10800000000000001;0.022000000000000002;0.06;0.07200000000000001;0.045;0.028999999999999998;0.031;0.027000000000000003;0.040999999999999995;0.061;0.049;0.045;0.05;0.028999999999999998;0.057999999999999996;0.052000000000000005;0.057;0.044000000000000004;0.059000000000000004;0.053;0.055999999999999994;0.051;0.054000000000000006;0.047;0.039;0.04;0.032;0.04;0.035;0.035;0.035;0.034;0.040999999999999995;0.034;0.031;0.033;0.03;0.036000000000000004;0.034;0.048;0.057;0.07200000000000001;0.08199999999999999;0.09300000000000001;0.09699999999999999;0.10400000000000001;0.11199999999999999;0.11599999999999999;0.128;0.129;0.133;0.138;0.142;0.139;0.14;0.142;0.149;0.146;0.152;0.161;0.151;0.158;0.158;0.162;0.168;0.166;0.172;0.17;0.182;0.17;0.177;0.184;0.187;0.18600000000000003;0.187;0.182;0.18600000000000003;0.191;0.183;0.188;0.187;0.188;0.18100000000000002;0.18100000000000002;0.191;0.184;0.174;0.16699999999999998;0.171;0.17800000000000002;0.16699999999999998;0.16399999999999998;0.172;0.184;0.177;0.183;0.187;0.185;0.19;0.196;0.193;0.196;0.192;0.196;0.19399999999999998;0.19;0.19899999999999998;0.19699999999999998;0.187;0.196;0.19899999999999998;0.204;0.19;0.18600000000000003;0.191;0.179;0.174;0.19699999999999998;0.17600000000000002;0.18600000000000003;0.183;0.177;0.17800000000000002;0.18;0.18100000000000002;0.18;0.183;0.174;0.17300000000000001;0.183;0.18100000000000002;0.172;0.17600000000000002;0.17800000000000002;0.172;0.18;0.174;0.162;0.168;0.18100000000000002;0.16399999999999998;0.16699999999999998;0.153;0.168;0.151;0.156;0.16;0.147;0.155;0.158;0.149;0.157;0.147;0.147;0.152;0.145;0.149;0.149;0.151;0.146;0.145;0.141;0.152;0.139;0.125;0.113;0.146;0.11599999999999999;0.1;0.11800000000000001;0.11699999999999999;0.128;0.102;0.1;0.11699999999999999;0.114;0.10800000000000001;0.121;0.122;0.095;0.107;0.10800000000000001;0.111;0.10800000000000001;0.098;0.136;0.139;0.135;0.136;0.126;0.11599999999999999;0.11900000000000001;0.11699999999999999;0.11800000000000001;0.152;0.129;0.158;0.17800000000000002;0.133;0.124;0.14800000000000002;0.133;0.171;0.17800000000000002;0.193;0.196;0.102;0.19;0.095;0.124;0.165;0.136;0.174;0.23600000000000002;0.172;0.155;0.243;0.128;0.057;0.15;0.228;0.223;0.16399999999999998;0.087;0.106;0.221;0.182;0.1;0.158
425;2.0;2.0;-0.33;-0.098;-0.44;0.405;-1.109;0.507;0.358;0.379;0.248;-1.021;0.363;-0.099;0.314;0.006999999999999999;-0.03;0.132;0.503;0.5539999999999999;-0.494;-0.067;-0.079;1.574;0.121;0.233;0.022000000000000002;0.217;0.069;0.134;0.055;0.10099999999999999;0.015;0.07;0.073;0.054000000000000006;0.055999999999999994;0.042;0.057999999999999996;0.069;0.08;0.063;0.066;0.075;0.055;0.081;0.085;0.091;0.078;0.091;0.084;0.094;0.08900000000000001;0.085;0.081;0.062;0.059000000000000004;0.051;0.055;0.053;0.053;0.055;0.06;0.063;0.055999999999999994;0.055999999999999994;0.054000000000000006;0.049;0.048;0.052000000000000005;0.079;0.1;0.128;0.153;0.168;0.185;0.203;0.21600000000000003;0.231;0.243;0.249;0.268;0.275;0.27;0.275;0.28;0.281;0.294;0.29100000000000004;0.298;0.317;0.304;0.312;0.319;0.321;0.331;0.321;0.345;0.336;0.366;0.336;0.34700000000000003;0.35700000000000004;0.361;0.36200000000000004;0.375;0.35600000000000004;0.36200000000000004;0.359;0.359;0.364;0.353;0.36;0.349;0.358;0.373;0.355;0.344;0.321;0.335;0.349;0.326;0.327;0.32899999999999996;0.355;0.344;0.359;0.35600000000000004;0.36;0.377;0.382;0.381;0.375;0.364;0.38299999999999995;0.374;0.36700000000000005;0.371;0.377;0.35700000000000004;0.39299999999999996;0.37799999999999995;0.389;0.366;0.35700000000000004;0.36700000000000005;0.35;0.34299999999999997;0.385;0.34700000000000003;0.368;0.348;0.345;0.36;0.361;0.363;0.349;0.35200000000000004;0.345;0.34;0.348;0.34600000000000003;0.33299999999999996;0.332;0.35;0.33399999999999996;0.345;0.327;0.316;0.335;0.342;0.316;0.32899999999999996;0.297;0.32899999999999996;0.298;0.317;0.307;0.28300000000000003;0.305;0.311;0.299;0.298;0.293;0.29600000000000004;0.285;0.28300000000000003;0.28;0.29600000000000004;0.27899999999999997;0.292;0.285;0.282;0.268;0.248;0.231;0.222;0.253;0.237;0.213;0.22699999999999998;0.21100000000000002;0.237;0.20600000000000002;0.201;0.20199999999999999;0.226;0.21;0.221;0.214;0.196;0.19;0.223;0.184;0.21;0.193;0.242;0.233;0.21600000000000003;0.221;0.18899999999999997;0.20800000000000002;0.247;0.22699999999999998;0.242;0.257;0.182;0.26899999999999996;0.276;0.24600000000000002;0.23399999999999999;0.272;0.24600000000000002;0.278;0.262;0.256;0.258;0.23199999999999998;0.266;0.203;0.23600000000000002;0.308;0.22699999999999998;0.267;0.307;0.306;0.263;0.33799999999999997;0.267;0.244;0.22;0.243;0.191;0.242;0.125;0.18;0.281;0.35700000000000004;0.257;0.226
700;2.0;2.0;1.103;0.182;-0.35;2.2;-1.054;0.18100000000000002;0.728;-0.353;1.331;-1.012;0.086;-0.036000000000000004;0.293;0.664;0.475;0.218;0.855;0.23399999999999999;0.312;0.172;-0.115;0.527;0.122;0.175;-0.036000000000000004;0.23600000000000002;0.155;0.08;0.057999999999999996;0.14400000000000002;0.015;0.071;0.07400000000000001;0.08;0.036000000000000004;0.045;0.054000000000000006;0.055;0.079;0.061;0.048;0.06;0.051;0.069;0.064;0.076;0.06;0.071;0.065;0.07;0.063;0.066;0.059000000000000004;0.046;0.048;0.038;0.047;0.044000000000000004;0.04;0.044000000000000004;0.045;0.052000000000000005;0.042;0.04;0.044000000000000004;0.036000000000000004;0.04;0.040999999999999995;0.059000000000000004;0.078;0.094;0.11699999999999999;0.126;0.135;0.145;0.151;0.165;0.177;0.175;0.182;0.192;0.19399999999999998;0.193;0.19399999999999998;0.198;0.21;0.203;0.22;0.225;0.214;0.218;0.226;0.235;0.24;0.23199999999999998;0.252;0.24;0.26;0.24600000000000002;0.256;0.259;0.258;0.264;0.267;0.254;0.262;0.262;0.25;0.266;0.253;0.271;0.254;0.258;0.262;0.258;0.24;0.23800000000000002;0.233;0.256;0.237;0.23800000000000002;0.244;0.262;0.249;0.259;0.264;0.26;0.27699999999999997;0.271;0.28;0.27699999999999997;0.273;0.27899999999999997;0.275;0.261;0.282;0.27699999999999997;0.267;0.282;0.268;0.276;0.272;0.259;0.266;0.247;0.25;0.285;0.245;0.26;0.254;0.253;0.25;0.257;0.253;0.247;0.25;0.23800000000000002;0.24;0.244;0.245;0.243;0.237;0.249;0.245;0.249;0.23199999999999998;0.225;0.239;0.24100000000000002;0.225;0.233;0.213;0.225;0.207;0.226;0.214;0.203;0.221;0.22;0.204;0.21899999999999997;0.19899999999999998;0.20800000000000002;0.196;0.201;0.20600000000000002;0.205;0.198;0.204;0.215;0.17600000000000002;0.203;0.19399999999999998;0.156;0.166;0.193;0.17800000000000002;0.156;0.16399999999999998;0.151;0.177;0.157;0.155;0.145;0.162;0.155;0.162;0.155;0.14800000000000002;0.146;0.166;0.127;0.138;0.134;0.193;0.166;0.184;0.177;0.145;0.146;0.184;0.153;0.191;0.193;0.153;0.23199999999999998;0.23199999999999998;0.16;0.196;0.177;0.193;0.19899999999999998;0.24100000000000002;0.23199999999999998;0.187;0.128;0.24100000000000002;0.141;0.195;0.17800000000000002;0.19899999999999998;0.183;0.245;0.175;0.18100000000000002;0.18600000000000003;0.247;0.18899999999999997;0.214;0.183;0.185;0.114;0.059000000000000004;0.11199999999999999;0.21899999999999997;0.373;0.161;0.138
500;2.0;2.0;-0.369;0.20600000000000002;-0.46799999999999997;2.227;-1.07;-0.09699999999999999;0.32899999999999996;0.94;0.42700000000000005;-1.014;0.374;-0.081;0.17800000000000002;0.055999999999999994;0.18;0.163;0.33;0.358;-0.354;0.22;0.034;1.239;0.066;0.091;0.025;0.267;0.091;0.044000000000000004;0.047;0.125;0.027999999999999997;0.043;0.077;0.057;0.047;0.033;0.051;0.055;0.073;0.054000000000000006;0.05;0.055999999999999994;0.044000000000000004;0.07;0.07;0.077;0.062;0.07400000000000001;0.066;0.076;0.069;0.07200000000000001;0.067;0.049;0.051;0.040999999999999995;0.048;0.046;0.044000000000000004;0.047;0.05;0.055;0.046;0.045;0.047;0.040999999999999995;0.042;0.045;0.064;0.083;0.10400000000000001;0.128;0.142;0.152;0.168;0.174;0.188;0.19899999999999998;0.20600000000000002;0.212;0.223;0.22;0.22699999999999998;0.22699999999999998;0.22399999999999998;0.24;0.235;0.244;0.26;0.254;0.257;0.259;0.264;0.27699999999999997;0.272;0.29;0.281;0.302;0.27899999999999997;0.292;0.29600000000000004;0.298;0.305;0.308;0.3;0.302;0.312;0.297;0.304;0.29;0.306;0.29;0.302;0.307;0.294;0.28300000000000003;0.271;0.278;0.28800000000000003;0.273;0.264;0.276;0.29600000000000004;0.289;0.298;0.304;0.298;0.314;0.31;0.324;0.312;0.311;0.32;0.311;0.304;0.32299999999999995;0.325;0.301;0.337;0.315;0.327;0.302;0.306;0.306;0.292;0.29;0.324;0.293;0.308;0.294;0.294;0.304;0.3;0.297;0.298;0.285;0.28800000000000003;0.28300000000000003;0.3;0.28300000000000003;0.272;0.27699999999999997;0.285;0.284;0.28300000000000003;0.284;0.253;0.276;0.28;0.257;0.273;0.24600000000000002;0.28;0.252;0.263;0.257;0.226;0.264;0.25;0.24600000000000002;0.257;0.243;0.247;0.228;0.244;0.237;0.248;0.253;0.22899999999999998;0.23399999999999999;0.23199999999999998;0.221;0.23;0.209;0.205;0.213;0.196;0.19899999999999998;0.20199999999999999;0.192;0.22;0.18;0.191;0.191;0.19899999999999998;0.195;0.191;0.205;0.182;0.17600000000000002;0.20600000000000002;0.16399999999999998;0.191;0.165;0.21600000000000003;0.21899999999999997;0.193;0.23199999999999998;0.17600000000000002;0.18100000000000002;0.222;0.18;0.22699999999999998;0.235;0.16899999999999998;0.24600000000000002;0.23600000000000002;0.21899999999999997;0.19;0.22699999999999998;0.217;0.252;0.252;0.23800000000000002;0.26;0.16399999999999998;0.24;0.152;0.17300000000000001;0.3;0.205;0.204;0.295;0.254;0.185;0.26;0.218;0.265;0.184;0.18100000000000002;0.153;0.16;0.035;0.153;0.166;0.359;0.2;0.185
425;2.0;2.0;0.772;0.27699999999999997;-0.182;1.429;-1.051;0.235;0.19699999999999998;0.172;1.129;-1.0090000000000001;-0.122;0.006;0.335;1.525;0.27899999999999997;0.469;0.862;0.371;0.1;0.217;0.198;0.08;0.156;0.161;0.026000000000000002;0.19699999999999998;0.11900000000000001;0.12300000000000001;0.077;0.125;0.021;0.091;0.08900000000000001;0.068;0.027000000000000003;0.052000000000000005;0.051;0.05;0.057999999999999996;0.059000000000000004;0.051;0.054000000000000006;0.042;0.064;0.057;0.069;0.054000000000000006;0.061;0.057;0.062;0.055;0.057999999999999996;0.054000000000000006;0.043;0.043;0.034;0.044000000000000004;0.040999999999999995;0.038;0.039;0.04;0.046;0.038;0.036000000000000004;0.04;0.033;0.037000000000000005;0.039;0.051;0.065;0.075;0.094;0.1;0.10400000000000001;0.113;0.11900000000000001;0.128;0.135;0.14;0.14300000000000002;0.151;0.154;0.153;0.155;0.158;0.16699999999999998;0.163;0.177;0.184;0.172;0.174;0.17600000000000002;0.185;0.193;0.187;0.201;0.191;0.209;0.205;0.19899999999999998;0.209;0.212;0.213;0.21600000000000003;0.21;0.214;0.218;0.20600000000000002;0.213;0.20800000000000002;0.221;0.20800000000000002;0.212;0.217;0.212;0.195;0.19;0.18600000000000003;0.209;0.191;0.18600000000000003;0.19699999999999998;0.21;0.20199999999999999;0.20600000000000002;0.212;0.215;0.221;0.22;0.225;0.223;0.225;0.221;0.226;0.218;0.22699999999999998;0.218;0.215;0.235;0.223;0.22399999999999998;0.221;0.212;0.215;0.203;0.203;0.23;0.201;0.20800000000000002;0.204;0.204;0.209;0.21100000000000002;0.20600000000000002;0.212;0.19699999999999998;0.193;0.198;0.20800000000000002;0.204;0.201;0.2;0.209;0.19699999999999998;0.209;0.19;0.188;0.195;0.20600000000000002;0.18;0.18899999999999997;0.17600000000000002;0.188;0.174;0.187;0.179;0.166;0.18100000000000002;0.184;0.17800000000000002;0.182;0.16399999999999998;0.168;0.16;0.16399999999999998;0.16399999999999998;0.16699999999999998;0.165;0.174;0.185;0.155;0.162;0.153;0.141;0.138;0.171;0.14400000000000002;0.11800000000000001;0.14800000000000002;0.121;0.152;0.146;0.128;0.127;0.133;0.141;0.128;0.11699999999999999;0.134;0.125;0.14400000000000002;0.11800000000000001;0.121;0.122;0.17300000000000001;0.145;0.171;0.141;0.131;0.128;0.165;0.141;0.156;0.157;0.155;0.18;0.20600000000000002;0.16399999999999998;0.157;0.183;0.17300000000000001;0.15;0.249;0.19699999999999998;0.19;0.133;0.21600000000000003;0.17300000000000001;0.185;0.14800000000000002;0.192;0.218;0.26;0.23600000000000002;0.179;0.231;0.259;0.105;0.276;0.166;0.188;0.177;0.06;0.10800000000000001;0.311;0.213;0.098;0.22899999999999998
550;2.0;2.0;-0.22699999999999998;1.335;-0.368;0.242;-1.1320000000000001;0.27;0.51;0.305;0.377;-1.022;0.22399999999999998;-0.139;0.5489999999999999;0.032;-0.18600000000000003;0.152;0.168;0.526;-0.192;-0.002;-0.10800000000000001;1.3940000000000001;0.086;0.17300000000000001;-0.046;0.242;0.064;0.08199999999999999;0.009000000000000001;0.084;0.017;0.028999999999999998;0.054000000000000006;0.048;0.042;0.021;0.026000000000000002;0.055;0.055999999999999994;0.040999999999999995;0.045;0.057;0.025;0.055999999999999994;0.053;0.057999999999999996;0.052000000000000005;0.057999999999999996;0.053;0.062;0.055999999999999994;0.055;0.053;0.04;0.043;0.035;0.04;0.038;0.037000000000000005;0.037000000000000005;0.040999999999999995;0.042;0.037000000000000005;0.036000000000000004;0.038;0.034;0.031;0.036000000000000004;0.051;0.064;0.081;0.092;0.102;0.107;0.12;0.125;0.135;0.147;0.149;0.156;0.16;0.16;0.162;0.168;0.163;0.175;0.17300000000000001;0.18;0.19;0.183;0.187;0.187;0.193;0.20199999999999999;0.198;0.20600000000000002;0.19899999999999998;0.221;0.207;0.213;0.22;0.22;0.22;0.22699999999999998;0.22;0.226;0.228;0.217;0.228;0.221;0.231;0.221;0.225;0.226;0.221;0.21;0.201;0.203;0.22;0.19699999999999998;0.193;0.203;0.22;0.215;0.221;0.23199999999999998;0.22699999999999998;0.239;0.237;0.24100000000000002;0.235;0.24;0.243;0.237;0.231;0.242;0.243;0.22899999999999998;0.253;0.235;0.249;0.22899999999999998;0.23199999999999998;0.23399999999999999;0.22;0.215;0.251;0.222;0.24;0.22899999999999998;0.223;0.23600000000000002;0.235;0.23;0.223;0.223;0.218;0.225;0.23600000000000002;0.22;0.21600000000000003;0.21100000000000002;0.228;0.22;0.223;0.218;0.207;0.215;0.217;0.20800000000000002;0.215;0.19;0.221;0.192;0.213;0.198;0.18899999999999997;0.203;0.205;0.195;0.198;0.193;0.188;0.179;0.188;0.175;0.201;0.185;0.187;0.203;0.157;0.179;0.161;0.157;0.157;0.157;0.153;0.135;0.156;0.142;0.163;0.131;0.145;0.14300000000000002;0.15;0.138;0.154;0.151;0.133;0.132;0.152;0.127;0.14;0.115;0.172;0.157;0.145;0.168;0.131;0.14300000000000002;0.165;0.12300000000000001;0.172;0.168;0.124;0.19;0.19399999999999998;0.153;0.153;0.16699999999999998;0.183;0.209;0.21100000000000002;0.209;0.174;0.131;0.218;0.12;0.153;0.222;0.163;0.184;0.23800000000000002;0.17300000000000001;0.16;0.184;0.19699999999999998;0.174;0.124;0.24;0.13;0.149;0.053;0.134;0.135;0.35200000000000004;0.129;0.18600000000000003
500;2.0;2.0;-0.062;0.335;-0.131;1.3459999999999999;-1.043;0.259;0.22699999999999998;0.292;0.402;-0.981;-0.221;0.055999999999999994;0.21;1.383;0.414;0.10400000000000001;0.512;0.253;0.276;0.07200000000000001;0.105;0.22899999999999998;0.19399999999999998;0.195;-0.013000000000000001;0.331;0.115;0.12;0.057999999999999996;0.146;0.031;0.084;0.07200000000000001;0.086;0.05;0.049;0.053;0.062;0.075;0.055;0.049;0.06;0.048;0.068;0.061;0.07200000000000001;0.057;0.065;0.059000000000000004;0.065;0.06;0.063;0.057999999999999996;0.044000000000000004;0.047;0.038;0.048;0.045;0.040999999999999995;0.045;0.044000000000000004;0.051;0.042;0.04;0.045;0.039;0.042;0.043;0.057;0.07400000000000001;0.084;0.10300000000000001;0.11199999999999999;0.11699999999999999;0.131;0.135;0.15;0.16;0.159;0.16699999999999998;0.17600000000000002;0.18;0.179;0.179;0.182;0.19699999999999998;0.19;0.203;0.207;0.201;0.20600000000000002;0.21;0.221;0.22899999999999998;0.223;0.235;0.231;0.24600000000000002;0.24100000000000002;0.243;0.248;0.254;0.258;0.261;0.256;0.259;0.264;0.255;0.267;0.256;0.276;0.253;0.261;0.268;0.261;0.243;0.242;0.23800000000000002;0.266;0.23600000000000002;0.235;0.24600000000000002;0.267;0.259;0.268;0.27;0.267;0.289;0.28800000000000003;0.292;0.289;0.28800000000000003;0.297;0.301;0.282;0.3;0.3;0.28800000000000003;0.307;0.297;0.302;0.293;0.28600000000000003;0.29;0.272;0.272;0.308;0.26899999999999996;0.29;0.282;0.28300000000000003;0.27699999999999997;0.28;0.27899999999999997;0.27899999999999997;0.27399999999999997;0.268;0.272;0.276;0.27399999999999997;0.26899999999999996;0.268;0.28;0.267;0.28;0.253;0.256;0.26;0.275;0.249;0.263;0.242;0.253;0.235;0.24600000000000002;0.243;0.23399999999999999;0.237;0.243;0.233;0.24100000000000002;0.222;0.23;0.223;0.226;0.228;0.23600000000000002;0.218;0.228;0.24600000000000002;0.215;0.22;0.21600000000000003;0.183;0.175;0.209;0.203;0.17800000000000002;0.187;0.17300000000000001;0.203;0.179;0.17600000000000002;0.177;0.20199999999999999;0.19;0.19399999999999998;0.193;0.185;0.179;0.201;0.162;0.166;0.16399999999999998;0.233;0.204;0.225;0.214;0.196;0.203;0.217;0.21;0.226;0.23600000000000002;0.21899999999999997;0.262;0.27399999999999997;0.19899999999999998;0.21899999999999997;0.256;0.265;0.256;0.298;0.28;0.27;0.182;0.29100000000000004;0.21600000000000003;0.226;0.27899999999999997;0.228;0.231;0.314;0.275;0.297;0.308;0.385;0.255;0.319;0.204;0.35700000000000004;0.24600000000000002;0.128;0.14;0.384;0.431;0.302;0.22699999999999998
450;2.0;2.0;0.031;0.23199999999999998;-0.345;0.737;-1.037;0.392;0.48100000000000004;-0.629;0.863;-0.972;-0.24600000000000002;-0.046;0.23199999999999998;0.519;0.574;0.384;0.513;0.221;0.13;0.37;0.16;-0.032;0.263;0.191;-0.022000000000000002;0.326;0.16899999999999998;0.129;0.066;0.183;0.038;0.091;0.08199999999999999;0.086;0.044000000000000004;0.053;0.06;0.07;0.076;0.07400000000000001;0.07;0.07200000000000001;0.055999999999999994;0.079;0.076;0.08;0.071;0.078;0.07200000000000001;0.076;0.075;0.071;0.068;0.053;0.053;0.046;0.054000000000000006;0.05;0.047;0.047;0.051;0.055999999999999994;0.048;0.047;0.049;0.044000000000000004;0.044000000000000004;0.048;0.065;0.081;0.095;0.115;0.126;0.136;0.146;0.158;0.17;0.184;0.185;0.19399999999999998;0.20199999999999999;0.203;0.20800000000000002;0.207;0.214;0.226;0.221;0.23199999999999998;0.24600000000000002;0.231;0.239;0.247;0.252;0.268;0.256;0.27399999999999997;0.264;0.284;0.28;0.28600000000000003;0.285;0.29100000000000004;0.295;0.3;0.29;0.295;0.297;0.284;0.3;0.297;0.304;0.287;0.289;0.299;0.292;0.26899999999999996;0.27;0.266;0.29100000000000004;0.265;0.264;0.27699999999999997;0.295;0.284;0.295;0.305;0.301;0.314;0.313;0.318;0.317;0.32;0.325;0.322;0.309;0.32;0.321;0.315;0.335;0.32299999999999995;0.327;0.314;0.306;0.317;0.29100000000000004;0.29600000000000004;0.32899999999999996;0.293;0.306;0.301;0.292;0.298;0.297;0.301;0.299;0.287;0.278;0.28300000000000003;0.293;0.282;0.285;0.28600000000000003;0.29;0.28600000000000003;0.28800000000000003;0.26899999999999996;0.271;0.27899999999999997;0.293;0.258;0.278;0.262;0.271;0.247;0.263;0.259;0.237;0.254;0.261;0.245;0.25;0.235;0.243;0.237;0.23399999999999999;0.24;0.24100000000000002;0.23399999999999999;0.24600000000000002;0.256;0.223;0.225;0.228;0.19399999999999998;0.205;0.22;0.217;0.172;0.191;0.17800000000000002;0.214;0.18100000000000002;0.17600000000000002;0.18;0.18899999999999997;0.2;0.188;0.19;0.188;0.172;0.187;0.166;0.171;0.17300000000000001;0.207;0.20199999999999999;0.21899999999999997;0.20600000000000002;0.182;0.19399999999999998;0.22399999999999998;0.204;0.20199999999999999;0.244;0.198;0.24;0.281;0.225;0.209;0.24100000000000002;0.22399999999999998;0.252;0.282;0.262;0.265;0.183;0.285;0.22399999999999998;0.16899999999999998;0.248;0.226;0.24600000000000002;0.27;0.306;0.23399999999999999;0.361;0.32299999999999995;0.24100000000000002;0.305;0.231;0.24;0.243;0.141;0.22399999999999998;0.44799999999999995;0.395;0.275;0.212
500;2.0;2.0;-0.136;0.573;-0.155;1.5830000000000002;-1.032;0.217;0.376;-0.032;0.937;-0.983;-0.313;0.166;0.196;2.292;0.18600000000000003;0.165;0.868;0.105;0.621;0.289;-0.11;0.337;0.29;0.17300000000000001;-0.017;0.139;0.149;0.128;0.062;0.099;0.035;0.095;0.064;0.064;0.05;0.052000000000000005;0.044000000000000004;0.054000000000000006;0.073;0.057999999999999996;0.061;0.064;0.042;0.07200000000000001;0.063;0.071;0.057999999999999996;0.069;0.064;0.068;0.062;0.061;0.06;0.046;0.046;0.037000000000000005;0.045;0.040999999999999995;0.039;0.04;0.043;0.049;0.040999999999999995;0.039;0.042;0.035;0.037000000000000005;0.039;0.055;0.07200000000000001;0.08800000000000001;0.105;0.11599999999999999;0.124;0.134;0.14300000000000002;0.153;0.168;0.165;0.174;0.184;0.183;0.184;0.184;0.18899999999999997;0.2;0.195;0.20800000000000002;0.222;0.20800000000000002;0.212;0.21899999999999997;0.223;0.23800000000000002;0.22699999999999998;0.243;0.235;0.254;0.247;0.247;0.255;0.259;0.256;0.263;0.258;0.255;0.268;0.256;0.261;0.259;0.268;0.253;0.257;0.261;0.258;0.244;0.23800000000000002;0.23199999999999998;0.258;0.23399999999999999;0.231;0.23800000000000002;0.258;0.25;0.26;0.263;0.263;0.26899999999999996;0.276;0.281;0.278;0.278;0.282;0.275;0.27;0.284;0.27;0.267;0.285;0.273;0.271;0.27399999999999997;0.258;0.26899999999999996;0.251;0.247;0.27899999999999997;0.25;0.258;0.254;0.254;0.25;0.253;0.252;0.258;0.244;0.242;0.249;0.249;0.25;0.243;0.248;0.252;0.245;0.257;0.228;0.23399999999999999;0.23399999999999999;0.244;0.22399999999999998;0.23199999999999998;0.215;0.22899999999999998;0.214;0.223;0.22699999999999998;0.207;0.218;0.228;0.215;0.226;0.19899999999999998;0.21100000000000002;0.203;0.204;0.20600000000000002;0.21;0.204;0.19899999999999998;0.221;0.192;0.198;0.195;0.179;0.17;0.196;0.177;0.147;0.171;0.14300000000000002;0.184;0.157;0.14800000000000002;0.14800000000000002;0.154;0.16899999999999998;0.16399999999999998;0.151;0.15;0.135;0.157;0.138;0.142;0.132;0.168;0.166;0.19399999999999998;0.17600000000000002;0.156;0.153;0.20199999999999999;0.159;0.17;0.195;0.171;0.214;0.23600000000000002;0.17300000000000001;0.18600000000000003;0.217;0.185;0.2;0.245;0.228;0.226;0.163;0.27399999999999997;0.183;0.192;0.204;0.24100000000000002;0.22399999999999998;0.302;0.255;0.22699999999999998;0.307;0.314;0.161;0.276;0.188;0.376;0.205;0.081;0.139;0.341;0.35600000000000004;0.16899999999999998;0.21600000000000003
800;2.0;2.0;-0.032;0.298;-0.38;1.3259999999999998;-1.061;0.375;0.316;-0.39799999999999996;0.321;-0.996;0.268;0.037000000000000005;0.324;1.465;0.012;0.322;0.429;0.281;0.35600000000000004;0.231;-0.14300000000000002;0.79;0.185;0.198;-0.034;0.053;0.10800000000000001;0.10400000000000001;0.053;0.10300000000000001;0.015;0.086;0.079;0.052000000000000005;0.034;0.044000000000000004;0.04;0.046;0.076;0.051;0.055999999999999994;0.064;0.042;0.068;0.061;0.07200000000000001;0.055999999999999994;0.068;0.062;0.067;0.061;0.063;0.057999999999999996;0.043;0.044000000000000004;0.035;0.044000000000000004;0.040999999999999995;0.039;0.039;0.043;0.049;0.039;0.037000000000000005;0.040999999999999995;0.035;0.038;0.038;0.057;0.076;0.09300000000000001;0.11800000000000001;0.129;0.13699999999999998;0.15;0.161;0.17;0.187;0.18899999999999997;0.196;0.205;0.207;0.213;0.20800000000000002;0.214;0.23;0.222;0.23600000000000002;0.24600000000000002;0.233;0.237;0.245;0.249;0.263;0.257;0.271;0.261;0.28300000000000003;0.27;0.27399999999999997;0.281;0.285;0.28300000000000003;0.293;0.282;0.289;0.28600000000000003;0.27699999999999997;0.29;0.282;0.292;0.278;0.28;0.29100000000000004;0.281;0.263;0.258;0.256;0.27899999999999997;0.262;0.251;0.262;0.28;0.26899999999999996;0.27699999999999997;0.284;0.28;0.293;0.294;0.302;0.299;0.298;0.305;0.305;0.289;0.297;0.297;0.28800000000000003;0.312;0.298;0.301;0.292;0.278;0.29;0.275;0.27399999999999997;0.301;0.26899999999999996;0.281;0.27399999999999997;0.275;0.275;0.287;0.276;0.278;0.265;0.259;0.27;0.267;0.268;0.261;0.262;0.272;0.261;0.273;0.245;0.24600000000000002;0.244;0.266;0.23800000000000002;0.252;0.23800000000000002;0.248;0.231;0.237;0.231;0.225;0.231;0.24;0.222;0.233;0.212;0.225;0.212;0.213;0.21;0.218;0.212;0.212;0.22699999999999998;0.207;0.20199999999999999;0.20199999999999999;0.179;0.17800000000000002;0.204;0.18600000000000003;0.165;0.17300000000000001;0.16899999999999998;0.193;0.161;0.16699999999999998;0.16;0.16899999999999998;0.17800000000000002;0.16399999999999998;0.16;0.155;0.158;0.182;0.147;0.149;0.146;0.204;0.172;0.19899999999999998;0.185;0.166;0.157;0.195;0.191;0.18899999999999997;0.2;0.175;0.23800000000000002;0.26899999999999996;0.182;0.17800000000000002;0.22699999999999998;0.21600000000000003;0.22399999999999998;0.265;0.271;0.253;0.147;0.256;0.205;0.19399999999999998;0.204;0.23800000000000002;0.24100000000000002;0.327;0.28;0.23;0.28300000000000003;0.253;0.228;0.264;0.14400000000000002;0.34299999999999997;0.17;0.11800000000000001;0.185;0.322;0.384;0.19;0.201
400;2.0;2.0;-0.488;0.037000000000000005;-0.401;0.358;-1.129;0.14800000000000002;0.7609999999999999;0.18100000000000002;-0.044000000000000004;-1.024;0.409;-0.133;0.11699999999999999;0.07;-0.18;-0.045;0.018000000000000002;0.828;-0.5379999999999999;0.16399999999999998;-0.115;0.813;0.14300000000000002;0.16;-0.067;0.188;0.064;0.06;0.028999999999999998;0.075;0.017;0.054000000000000006;0.057999999999999996;0.025;0.040999999999999995;0.027999999999999997;0.028999999999999998;0.044000000000000004;0.063;0.03;0.035;0.045;0.023;0.042;0.049;0.051;0.040999999999999995;0.053;0.042;0.051;0.048;0.048;0.048;0.036000000000000004;0.037000000000000005;0.035;0.038;0.037000000000000005;0.036000000000000004;0.036000000000000004;0.039;0.039;0.032;0.034;0.036000000000000004;0.033;0.032;0.035;0.047;0.051;0.063;0.07400000000000001;0.08;0.085;0.09300000000000001;0.10099999999999999;0.109;0.11800000000000001;0.11900000000000001;0.12300000000000001;0.131;0.126;0.13;0.132;0.132;0.142;0.14;0.146;0.153;0.147;0.153;0.154;0.159;0.16399999999999998;0.163;0.174;0.16699999999999998;0.185;0.168;0.17300000000000001;0.18100000000000002;0.18600000000000003;0.18600000000000003;0.191;0.183;0.18600000000000003;0.19;0.182;0.192;0.184;0.191;0.184;0.19;0.192;0.183;0.17800000000000002;0.165;0.17300000000000001;0.18600000000000003;0.168;0.162;0.172;0.18;0.18;0.19;0.19;0.188;0.204;0.203;0.204;0.19699999999999998;0.198;0.201;0.19399999999999998;0.193;0.204;0.203;0.18600000000000003;0.207;0.198;0.20600000000000002;0.18600000000000003;0.187;0.196;0.184;0.18100000000000002;0.204;0.184;0.196;0.188;0.185;0.193;0.188;0.18600000000000003;0.182;0.183;0.17800000000000002;0.17600000000000002;0.192;0.185;0.179;0.174;0.187;0.179;0.177;0.177;0.165;0.18100000000000002;0.179;0.16;0.16699999999999998;0.147;0.175;0.155;0.168;0.165;0.145;0.168;0.163;0.152;0.158;0.152;0.161;0.14300000000000002;0.15;0.151;0.161;0.152;0.15;0.156;0.142;0.145;0.135;0.11900000000000001;0.124;0.129;0.125;0.10400000000000001;0.128;0.114;0.129;0.105;0.122;0.11;0.134;0.113;0.126;0.114;0.11;0.11;0.13;0.08;0.131;0.098;0.134;0.139;0.129;0.14;0.107;0.106;0.152;0.12300000000000001;0.134;0.159;0.105;0.171;0.177;0.125;0.135;0.156;0.128;0.147;0.174;0.166;0.17800000000000002;0.09699999999999999;0.183;0.109;0.105;0.18;0.149;0.127;0.215;0.138;0.14300000000000002;0.166;0.139;0.121;0.109;0.122;0.07400000000000001;0.052000000000000005;0.028999999999999998;0.128;0.078;0.162;0.091;0.08800000000000001
550;2.0;2.0;0.684;0.38299999999999995;-0.141;1.001;-1.054;0.08;0.162;-0.8170000000000001;0.287;-0.987;0.22;0.182;0.175;0.88;0.604;0.158;0.48100000000000004;0.409;0.26;0.265;-0.266;0.353;0.196;0.245;0.023;0.14800000000000002;0.099;0.13699999999999998;0.07200000000000001;0.142;0.009000000000000001;0.09300000000000001;0.08900000000000001;0.08199999999999999;0.037000000000000005;0.063;0.064;0.063;0.08800000000000001;0.071;0.07200000000000001;0.07200000000000001;0.062;0.078;0.078;0.09;0.07;0.083;0.08;0.084;0.076;0.077;0.071;0.057;0.059000000000000004;0.044000000000000004;0.055999999999999994;0.051;0.047;0.051;0.052000000000000005;0.061;0.052000000000000005;0.047;0.052000000000000005;0.044000000000000004;0.047;0.05;0.068;0.092;0.11;0.134;0.14800000000000002;0.157;0.17;0.17800000000000002;0.191;0.20600000000000002;0.20800000000000002;0.214;0.226;0.22699999999999998;0.22699999999999998;0.231;0.231;0.249;0.242;0.257;0.266;0.256;0.262;0.27;0.27699999999999997;0.289;0.282;0.292;0.29100000000000004;0.313;0.3;0.302;0.314;0.31;0.317;0.321;0.314;0.315;0.32;0.304;0.319;0.314;0.326;0.31;0.312;0.315;0.312;0.294;0.285;0.28600000000000003;0.309;0.282;0.282;0.297;0.314;0.299;0.315;0.317;0.32;0.331;0.331;0.33299999999999996;0.34;0.33799999999999997;0.34299999999999997;0.34299999999999997;0.33299999999999996;0.335;0.337;0.32799999999999996;0.342;0.33299999999999996;0.336;0.32299999999999995;0.322;0.32799999999999996;0.305;0.306;0.34600000000000003;0.303;0.321;0.313;0.319;0.314;0.316;0.312;0.311;0.29600000000000004;0.294;0.301;0.301;0.31;0.299;0.302;0.307;0.301;0.306;0.281;0.282;0.293;0.308;0.272;0.302;0.276;0.27899999999999997;0.271;0.282;0.275;0.257;0.276;0.27899999999999997;0.26899999999999996;0.276;0.252;0.268;0.254;0.251;0.264;0.261;0.255;0.253;0.271;0.247;0.23199999999999998;0.258;0.20800000000000002;0.209;0.235;0.22399999999999998;0.195;0.201;0.193;0.23399999999999999;0.18600000000000003;0.18899999999999997;0.192;0.198;0.212;0.184;0.20199999999999999;0.20600000000000002;0.183;0.21899999999999997;0.17300000000000001;0.187;0.17600000000000002;0.22399999999999998;0.23;0.223;0.218;0.212;0.192;0.233;0.198;0.21600000000000003;0.25;0.184;0.28600000000000003;0.31;0.192;0.252;0.23399999999999999;0.239;0.249;0.266;0.28800000000000003;0.3;0.17;0.308;0.198;0.248;0.259;0.23399999999999999;0.228;0.36;0.272;0.28800000000000003;0.276;0.35100000000000003;0.249;0.303;0.166;0.35600000000000004;0.18899999999999997;0.135;0.20600000000000002;0.467;0.5329999999999999;0.297;0.21600000000000003
425;2.0;2.0;0.314;1.176;0.152;1.6340000000000001;-1.052;0.01;0.198;-0.517;0.48100000000000004;-1.0270000000000001;0.519;0.055999999999999994;0.018000000000000002;0.8340000000000001;0.51;0.499;0.389;0.20800000000000002;0.345;0.387;0.466;0.478;0.071;0.233;0.026000000000000002;0.191;0.125;0.16;0.084;0.145;0.016;0.084;0.095;0.076;0.04;0.061;0.06;0.067;0.084;0.091;0.07;0.076;0.067;0.08800000000000001;0.076;0.092;0.073;0.083;0.081;0.084;0.079;0.083;0.076;0.062;0.061;0.048;0.057999999999999996;0.055;0.052000000000000005;0.055;0.057;0.063;0.055999999999999994;0.053;0.055;0.048;0.05;0.055;0.07400000000000001;0.094;0.111;0.131;0.142;0.151;0.163;0.17;0.183;0.19399999999999998;0.19699999999999998;0.20600000000000002;0.21600000000000003;0.214;0.218;0.22;0.22399999999999998;0.23600000000000002;0.231;0.248;0.254;0.24;0.244;0.251;0.261;0.26899999999999996;0.264;0.282;0.26899999999999996;0.292;0.28600000000000003;0.28800000000000003;0.292;0.297;0.3;0.305;0.295;0.304;0.303;0.289;0.305;0.29600000000000004;0.31;0.28600000000000003;0.293;0.304;0.293;0.27399999999999997;0.273;0.26899999999999996;0.305;0.276;0.26899999999999996;0.282;0.3;0.295;0.303;0.308;0.3;0.31;0.314;0.324;0.319;0.319;0.326;0.32;0.308;0.319;0.319;0.304;0.33;0.32;0.324;0.312;0.299;0.312;0.29;0.292;0.327;0.297;0.305;0.305;0.301;0.301;0.303;0.298;0.308;0.28600000000000003;0.285;0.29100000000000004;0.292;0.29;0.28300000000000003;0.293;0.293;0.293;0.29600000000000004;0.275;0.271;0.276;0.295;0.26;0.284;0.26;0.27;0.254;0.262;0.271;0.242;0.26;0.271;0.255;0.262;0.23800000000000002;0.253;0.242;0.244;0.251;0.242;0.239;0.244;0.256;0.237;0.213;0.24100000000000002;0.192;0.212;0.23199999999999998;0.20600000000000002;0.177;0.191;0.183;0.221;0.19;0.185;0.184;0.2;0.20199999999999999;0.177;0.2;0.17800000000000002;0.177;0.209;0.163;0.171;0.175;0.212;0.209;0.21;0.209;0.18;0.188;0.209;0.187;0.20199999999999999;0.239;0.187;0.264;0.26899999999999996;0.185;0.226;0.23399999999999999;0.196;0.251;0.272;0.278;0.253;0.155;0.305;0.19399999999999998;0.185;0.308;0.233;0.3;0.376;0.222;0.27;0.33299999999999996;0.205;0.245;0.19;0.201;0.35200000000000004;0.153;0.13;0.223;0.375;0.515;0.222;0.18899999999999997
400;2.0;2.0;1.139;0.41200000000000003;-0.35700000000000004;1.0590000000000002;-1.048;0.428;0.223;-0.524;1.214;-0.99;-0.175;0.085;0.17800000000000002;0.605;0.135;0.19699999999999998;0.474;0.19899999999999998;0.214;0.102;-0.059000000000000004;0.446;0.134;0.12;0.026000000000000002;0.17800000000000002;0.128;0.159;0.057;0.131;0.028999999999999998;0.091;0.073;0.06;0.031;0.051;0.049;0.052000000000000005;0.069;0.055;0.055999999999999994;0.063;0.048;0.067;0.068;0.07200000000000001;0.055999999999999994;0.068;0.061;0.068;0.063;0.063;0.06;0.045;0.046;0.035;0.043;0.040999999999999995;0.039;0.04;0.042;0.05;0.04;0.038;0.040999999999999995;0.034;0.037000000000000005;0.039;0.057;0.075;0.092;0.114;0.124;0.134;0.14400000000000002;0.15;0.161;0.177;0.177;0.18600000000000003;0.195;0.198;0.201;0.19899999999999998;0.20600000000000002;0.21899999999999997;0.213;0.228;0.23600000000000002;0.22399999999999998;0.22899999999999998;0.23399999999999999;0.24100000000000002;0.252;0.242;0.259;0.248;0.27399999999999997;0.26;0.263;0.265;0.27699999999999997;0.27;0.27899999999999997;0.275;0.27399999999999997;0.273;0.268;0.275;0.272;0.284;0.265;0.26899999999999996;0.28300000000000003;0.27399999999999997;0.258;0.249;0.248;0.268;0.248;0.243;0.262;0.267;0.26;0.26899999999999996;0.276;0.27399999999999997;0.285;0.292;0.295;0.289;0.28600000000000003;0.293;0.28800000000000003;0.28;0.289;0.295;0.275;0.3;0.282;0.294;0.285;0.268;0.285;0.256;0.26899999999999996;0.293;0.263;0.268;0.271;0.263;0.259;0.273;0.26899999999999996;0.268;0.258;0.252;0.25;0.265;0.257;0.253;0.259;0.26;0.254;0.259;0.251;0.237;0.247;0.262;0.235;0.25;0.22;0.243;0.221;0.23800000000000002;0.23199999999999998;0.215;0.233;0.233;0.221;0.235;0.201;0.221;0.209;0.20800000000000002;0.214;0.212;0.214;0.207;0.23600000000000002;0.201;0.198;0.213;0.166;0.17800000000000002;0.201;0.184;0.16399999999999998;0.16699999999999998;0.159;0.19399999999999998;0.152;0.172;0.153;0.172;0.17;0.16899999999999998;0.16;0.149;0.153;0.18600000000000003;0.14;0.145;0.147;0.193;0.204;0.174;0.187;0.159;0.14400000000000002;0.19399999999999998;0.172;0.17800000000000002;0.203;0.153;0.222;0.24600000000000002;0.16699999999999998;0.20199999999999999;0.203;0.203;0.24;0.235;0.276;0.225;0.154;0.23800000000000002;0.191;0.162;0.244;0.192;0.24;0.31;0.239;0.21600000000000003;0.275;0.263;0.22699999999999998;0.249;0.218;0.293;0.165;0.12300000000000001;0.19399999999999998;0.331;0.33299999999999996;0.196;0.182
450;2.0;2.0;-0.021;0.34600000000000003;-0.114;0.754;-1.038;0.12;0.40299999999999997;-0.091;0.474;-1.025;-0.311;0.10300000000000001;0.095;0.278;0.5920000000000001;0.267;0.201;0.335;0.384;0.441;0.515;0.515;0.19;0.36700000000000005;0.09300000000000001;0.18600000000000003;0.145;0.146;0.113;0.124;0.028999999999999998;0.087;0.099;0.068;0.027000000000000003;0.06;0.057;0.063;0.079;0.07;0.048;0.068;0.053;0.07200000000000001;0.07200000000000001;0.085;0.062;0.07200000000000001;0.069;0.071;0.07;0.068;0.063;0.049;0.047;0.038;0.047;0.042;0.040999999999999995;0.043;0.045;0.051;0.043;0.039;0.044000000000000004;0.036000000000000004;0.039;0.040999999999999995;0.061;0.08;0.09699999999999999;0.122;0.134;0.14400000000000002;0.155;0.16399999999999998;0.174;0.191;0.19;0.198;0.209;0.21100000000000002;0.215;0.213;0.22;0.23;0.223;0.239;0.24600000000000002;0.24;0.243;0.25;0.253;0.265;0.252;0.273;0.263;0.289;0.27699999999999997;0.27899999999999997;0.284;0.289;0.28600000000000003;0.29600000000000004;0.282;0.28600000000000003;0.292;0.27899999999999997;0.28800000000000003;0.28300000000000003;0.297;0.278;0.282;0.29;0.282;0.271;0.258;0.261;0.282;0.26;0.254;0.271;0.28;0.27699999999999997;0.282;0.29;0.27699999999999997;0.3;0.302;0.304;0.301;0.301;0.307;0.301;0.297;0.302;0.304;0.29100000000000004;0.311;0.298;0.299;0.295;0.28300000000000003;0.29100000000000004;0.273;0.278;0.303;0.27399999999999997;0.284;0.285;0.275;0.28;0.28800000000000003;0.27399999999999997;0.285;0.26899999999999996;0.262;0.263;0.275;0.264;0.271;0.271;0.27;0.266;0.272;0.256;0.245;0.262;0.275;0.24;0.251;0.23600000000000002;0.248;0.235;0.24600000000000002;0.245;0.222;0.24100000000000002;0.24100000000000002;0.22699999999999998;0.247;0.212;0.22899999999999998;0.218;0.215;0.225;0.221;0.223;0.205;0.245;0.21899999999999997;0.20800000000000002;0.20800000000000002;0.185;0.185;0.215;0.18;0.174;0.187;0.17;0.2;0.16699999999999998;0.17600000000000002;0.157;0.185;0.18899999999999997;0.163;0.17;0.161;0.157;0.18899999999999997;0.139;0.165;0.159;0.2;0.203;0.19699999999999998;0.17800000000000002;0.16399999999999998;0.162;0.231;0.172;0.201;0.222;0.168;0.244;0.23199999999999998;0.18600000000000003;0.226;0.23199999999999998;0.23;0.24100000000000002;0.249;0.24100000000000002;0.207;0.151;0.307;0.22;0.183;0.21100000000000002;0.243;0.22399999999999998;0.304;0.22399999999999998;0.23;0.365;0.253;0.217;0.275;0.151;0.29;0.127;0.152;0.16699999999999998;0.374;0.473;0.19699999999999998;0.17600000000000002
425;2.0;2.0;-0.44799999999999995;0.001;-0.297;0.355;-1.056;0.539;0.444;-0.023;-0.262;-1.318;-0.172;0.24600000000000002;0.23600000000000002;0.762;0.32799999999999996;0.027999999999999997;-0.276;0.8170000000000001;0.009000000000000001;0.34600000000000003;0.019;0.051;0.048;0.08199999999999999;-0.004;0.184;-0.012;0.011000000000000001;0.055999999999999994;0.086;-0.013000000000000001;0.027000000000000003;0.046;0.049;0.018000000000000002;0.022000000000000002;0.028999999999999998;0.021;0.06;0.047;0.031;0.051;0.027999999999999997;0.042;0.039;0.059000000000000004;0.045;0.053;0.047;0.052000000000000005;0.049;0.048;0.044000000000000004;0.032;0.035;0.027000000000000003;0.035;0.031;0.027999999999999997;0.032;0.033;0.039;0.031;0.027999999999999997;0.033;0.026000000000000002;0.027999999999999997;0.031;0.042;0.055999999999999994;0.071;0.087;0.096;0.1;0.11199999999999999;0.121;0.126;0.138;0.138;0.147;0.152;0.154;0.152;0.154;0.156;0.165;0.16;0.16699999999999998;0.183;0.16899999999999998;0.18100000000000002;0.17600000000000002;0.188;0.193;0.19;0.19399999999999998;0.198;0.21;0.2;0.204;0.209;0.218;0.21600000000000003;0.214;0.21;0.212;0.212;0.215;0.214;0.21600000000000003;0.215;0.207;0.213;0.223;0.217;0.19899999999999998;0.19399999999999998;0.204;0.204;0.196;0.19399999999999998;0.2;0.215;0.214;0.21100000000000002;0.22399999999999998;0.22;0.23;0.22899999999999998;0.231;0.233;0.22899999999999998;0.22699999999999998;0.23199999999999998;0.22899999999999998;0.23399999999999999;0.24100000000000002;0.221;0.245;0.233;0.239;0.22899999999999998;0.22399999999999998;0.22899999999999998;0.21;0.217;0.23399999999999999;0.20800000000000002;0.22399999999999998;0.22699999999999998;0.212;0.22;0.225;0.22;0.21100000000000002;0.204;0.209;0.20800000000000002;0.23;0.214;0.20600000000000002;0.207;0.225;0.204;0.21100000000000002;0.20600000000000002;0.19699999999999998;0.201;0.209;0.19399999999999998;0.19899999999999998;0.177;0.204;0.18100000000000002;0.195;0.185;0.17800000000000002;0.184;0.188;0.187;0.187;0.172;0.179;0.171;0.168;0.168;0.18600000000000003;0.16899999999999998;0.17300000000000001;0.177;0.16699999999999998;0.183;0.145;0.151;0.13699999999999998;0.16699999999999998;0.147;0.128;0.155;0.132;0.162;0.132;0.139;0.131;0.145;0.134;0.146;0.13699999999999998;0.14400000000000002;0.132;0.14;0.122;0.13699999999999998;0.127;0.165;0.159;0.16;0.162;0.155;0.124;0.175;0.129;0.191;0.185;0.128;0.21600000000000003;0.22399999999999998;0.174;0.172;0.19399999999999998;0.166;0.17600000000000002;0.23399999999999999;0.228;0.187;0.114;0.21899999999999997;0.142;0.146;0.231;0.135;0.21;0.248;0.188;0.153;0.207;0.302;0.166;0.14;0.19;0.23399999999999999;0.121;0.124;0.06;0.255;0.349;0.171;0.29600000000000004
700;2.0;2.0;-0.237;-0.313;-0.327;0.308;-1.061;0.456;-0.244;-0.07200000000000001;-0.191;-1.0979999999999999;0.831;-0.777;0.187;0.772;0.418;0.008;0.10800000000000001;0.20600000000000002;0.596;0.33799999999999997;0.0;0.109;0.131;0.299;0.045;0.21100000000000002;0.034;0.064;0.095;0.106;-0.006999999999999999;0.045;0.083;0.045;0.031;0.04;0.038;0.028999999999999998;0.08800000000000001;0.068;0.048;0.068;0.05;0.067;0.063;0.08;0.061;0.07400000000000001;0.068;0.073;0.069;0.069;0.062;0.05;0.051;0.04;0.051;0.047;0.042;0.046;0.048;0.054000000000000006;0.046;0.043;0.047;0.04;0.040999999999999995;0.044000000000000004;0.06;0.078;0.092;0.11199999999999999;0.12;0.126;0.141;0.14800000000000002;0.16;0.17300000000000001;0.174;0.182;0.188;0.195;0.192;0.195;0.196;0.209;0.204;0.217;0.22899999999999998;0.215;0.226;0.221;0.23600000000000002;0.243;0.24;0.24600000000000002;0.245;0.261;0.257;0.254;0.26;0.263;0.265;0.26;0.258;0.262;0.26;0.258;0.26899999999999996;0.264;0.271;0.255;0.265;0.266;0.263;0.247;0.245;0.249;0.258;0.24;0.24;0.247;0.266;0.259;0.261;0.266;0.261;0.27;0.284;0.285;0.27399999999999997;0.287;0.278;0.281;0.27899999999999997;0.285;0.287;0.275;0.294;0.282;0.28600000000000003;0.287;0.275;0.273;0.261;0.257;0.27899999999999997;0.259;0.27699999999999997;0.264;0.259;0.257;0.27;0.268;0.26;0.257;0.254;0.255;0.272;0.261;0.248;0.266;0.258;0.256;0.256;0.245;0.245;0.248;0.259;0.23399999999999999;0.244;0.21600000000000003;0.243;0.217;0.225;0.225;0.21899999999999997;0.235;0.22699999999999998;0.222;0.23199999999999998;0.2;0.226;0.215;0.21100000000000002;0.20600000000000002;0.217;0.209;0.215;0.217;0.21600000000000003;0.21600000000000003;0.19399999999999998;0.177;0.159;0.187;0.17300000000000001;0.162;0.18100000000000002;0.168;0.17600000000000002;0.154;0.16899999999999998;0.149;0.174;0.166;0.175;0.154;0.16;0.145;0.166;0.136;0.171;0.147;0.18600000000000003;0.179;0.182;0.19899999999999998;0.16399999999999998;0.14300000000000002;0.217;0.17300000000000001;0.20199999999999999;0.21600000000000003;0.156;0.23800000000000002;0.255;0.184;0.205;0.23;0.195;0.193;0.239;0.245;0.233;0.14;0.287;0.207;0.17800000000000002;0.222;0.151;0.22399999999999998;0.27399999999999997;0.22;0.23199999999999998;0.252;0.354;0.159;0.157;0.129;0.235;0.05;0.172;0.172;0.35;0.342;0.187;0.25
450;2.0;2.0;-0.961;-0.45899999999999996;-0.33399999999999996;0.311;-1.0190000000000001;0.37;1.023;-0.038;-0.044000000000000004;-1.041;0.636;-0.643;0.132;0.81;0.228;0.083;0.032;-0.053;0.473;0.385;-0.113;0.23800000000000002;0.121;0.195;0.07400000000000001;0.18899999999999997;0.05;0.094;0.10300000000000001;0.106;-0.013000000000000001;0.055;0.078;0.044000000000000004;0.023;0.03;0.04;0.035;0.078;0.062;0.048;0.069;0.048;0.057;0.062;0.081;0.065;0.073;0.069;0.07200000000000001;0.068;0.068;0.06;0.048;0.049;0.039;0.046;0.042;0.038;0.044000000000000004;0.046;0.053;0.045;0.04;0.045;0.036000000000000004;0.038;0.042;0.059000000000000004;0.077;0.09699999999999999;0.11900000000000001;0.13;0.136;0.152;0.162;0.175;0.19;0.18600000000000003;0.20199999999999999;0.20800000000000002;0.21;0.20600000000000002;0.214;0.212;0.222;0.221;0.228;0.24600000000000002;0.228;0.244;0.24;0.254;0.257;0.259;0.265;0.261;0.282;0.276;0.272;0.28300000000000003;0.28300000000000003;0.28800000000000003;0.27899999999999997;0.271;0.282;0.278;0.284;0.29;0.28;0.285;0.275;0.27699999999999997;0.29100000000000004;0.281;0.264;0.257;0.26899999999999996;0.26899999999999996;0.256;0.263;0.267;0.284;0.28;0.272;0.28800000000000003;0.281;0.298;0.304;0.306;0.301;0.29600000000000004;0.302;0.302;0.301;0.299;0.314;0.287;0.313;0.297;0.31;0.3;0.298;0.301;0.278;0.275;0.298;0.281;0.287;0.281;0.272;0.27899999999999997;0.28300000000000003;0.282;0.271;0.26;0.26899999999999996;0.262;0.28800000000000003;0.273;0.271;0.275;0.27899999999999997;0.27;0.262;0.265;0.249;0.259;0.27;0.244;0.255;0.22;0.256;0.22399999999999998;0.25;0.23399999999999999;0.21600000000000003;0.23600000000000002;0.226;0.233;0.23800000000000002;0.218;0.22699999999999998;0.213;0.21600000000000003;0.20800000000000002;0.233;0.209;0.207;0.225;0.212;0.213;0.191;0.17600000000000002;0.18;0.19;0.175;0.153;0.179;0.179;0.17300000000000001;0.161;0.166;0.146;0.166;0.161;0.18100000000000002;0.146;0.155;0.162;0.163;0.156;0.16899999999999998;0.145;0.207;0.16399999999999998;0.19699999999999998;0.19899999999999998;0.163;0.158;0.192;0.158;0.217;0.175;0.17;0.231;0.23800000000000002;0.193;0.183;0.22899999999999998;0.218;0.183;0.282;0.235;0.193;0.161;0.218;0.212;0.205;0.196;0.183;0.276;0.3;0.263;0.154;0.251;0.406;0.083;0.21100000000000002;0.177;0.20199999999999999;0.11599999999999999;0.057999999999999996;0.135;0.40299999999999997;0.225;0.267;0.282
425;2.0;2.0;-0.121;-0.303;-0.32299999999999995;-0.16399999999999998;-1.062;0.8009999999999999;-0.081;-0.038;-0.207;-1.426;-0.392;-0.42200000000000004;0.418;0.036000000000000004;0.7240000000000001;0.032;0.10800000000000001;0.84;0.301;0.35200000000000004;0.012;0.35600000000000004;0.064;0.201;-0.053;0.326;0.006999999999999999;0.062;0.043;0.12300000000000001;-0.01;0.036000000000000004;0.055;0.063;0.027999999999999997;0.031;0.033;0.039;0.057999999999999996;0.061;0.051;0.06;0.037000000000000005;0.055999999999999994;0.055;0.069;0.055999999999999994;0.068;0.06;0.067;0.062;0.062;0.057;0.044000000000000004;0.042;0.037000000000000005;0.042;0.039;0.036000000000000004;0.039;0.043;0.048;0.039;0.038;0.04;0.033;0.036000000000000004;0.037000000000000005;0.054000000000000006;0.069;0.08800000000000001;0.105;0.11800000000000001;0.12300000000000001;0.135;0.146;0.153;0.17;0.168;0.17800000000000002;0.185;0.184;0.185;0.191;0.19;0.20199999999999999;0.195;0.204;0.22;0.20800000000000002;0.213;0.217;0.223;0.228;0.23;0.243;0.23199999999999998;0.251;0.24600000000000002;0.243;0.254;0.253;0.261;0.254;0.249;0.256;0.25;0.24600000000000002;0.258;0.253;0.259;0.248;0.253;0.259;0.254;0.23600000000000002;0.235;0.235;0.245;0.226;0.23600000000000002;0.23600000000000002;0.255;0.252;0.248;0.257;0.254;0.267;0.27;0.271;0.264;0.27;0.261;0.26899999999999996;0.268;0.271;0.275;0.26;0.273;0.272;0.278;0.267;0.259;0.271;0.249;0.249;0.27;0.247;0.253;0.252;0.247;0.249;0.257;0.249;0.24600000000000002;0.23399999999999999;0.239;0.243;0.255;0.247;0.242;0.244;0.244;0.24100000000000002;0.24600000000000002;0.237;0.233;0.22699999999999998;0.247;0.221;0.237;0.205;0.22899999999999998;0.207;0.223;0.21600000000000003;0.2;0.217;0.21600000000000003;0.20800000000000002;0.22;0.19399999999999998;0.20600000000000002;0.19699999999999998;0.196;0.198;0.203;0.19699999999999998;0.192;0.198;0.18899999999999997;0.193;0.18100000000000002;0.155;0.154;0.18600000000000003;0.17300000000000001;0.142;0.16399999999999998;0.154;0.168;0.134;0.154;0.13;0.162;0.146;0.16699999999999998;0.146;0.132;0.15;0.145;0.13699999999999998;0.147;0.139;0.18100000000000002;0.17;0.14800000000000002;0.18100000000000002;0.139;0.145;0.182;0.16;0.20199999999999999;0.191;0.136;0.214;0.225;0.205;0.166;0.23399999999999999;0.18600000000000003;0.158;0.22899999999999998;0.27;0.207;0.141;0.23;0.17300000000000001;0.163;0.17300000000000001;0.15;0.233;0.21;0.267;0.14400000000000002;0.302;0.369;0.124;0.201;0.29;0.16699999999999998;0.134;0.08800000000000001;0.094;0.33799999999999997;0.28;0.225;0.401
575;2.0;2.0;-0.956;0.597;-0.305;0.10099999999999999;-1.0490000000000002;0.287;0.335;0.163;-0.07400000000000001;-0.243;-0.21100000000000002;0.21600000000000003;0.139;-0.20600000000000002;0.11599999999999999;0.182;-0.10300000000000001;0.162;0.262;0.325;-0.138;0.402;0.209;0.064;-0.081;0.193;0.016;0.035;0.066;0.09300000000000001;-0.003;0.023;0.052000000000000005;0.05;0.026000000000000002;0.02;0.019;0.038;0.071;0.057;0.049;0.063;0.037000000000000005;0.053;0.053;0.069;0.057;0.067;0.057999999999999996;0.065;0.063;0.063;0.055999999999999994;0.043;0.042;0.036000000000000004;0.042;0.038;0.034;0.038;0.042;0.049;0.04;0.036000000000000004;0.04;0.032;0.036000000000000004;0.038;0.055999999999999994;0.073;0.094;0.11599999999999999;0.128;0.135;0.149;0.16;0.17;0.185;0.185;0.195;0.2;0.204;0.204;0.207;0.209;0.21899999999999997;0.215;0.228;0.243;0.228;0.237;0.237;0.248;0.252;0.255;0.26;0.259;0.284;0.27;0.267;0.27399999999999997;0.273;0.28300000000000003;0.275;0.27399999999999997;0.27699999999999997;0.276;0.271;0.282;0.27899999999999997;0.284;0.271;0.278;0.28;0.28;0.259;0.254;0.258;0.273;0.249;0.256;0.265;0.27899999999999997;0.27699999999999997;0.273;0.278;0.275;0.293;0.294;0.298;0.295;0.293;0.282;0.29600000000000004;0.285;0.289;0.306;0.28800000000000003;0.304;0.294;0.303;0.294;0.28600000000000003;0.295;0.26899999999999996;0.27;0.287;0.272;0.281;0.278;0.268;0.266;0.27699999999999997;0.27399999999999997;0.26899999999999996;0.261;0.26;0.264;0.28;0.27;0.264;0.268;0.266;0.264;0.265;0.251;0.253;0.253;0.265;0.242;0.255;0.225;0.252;0.231;0.244;0.235;0.218;0.239;0.23199999999999998;0.22699999999999998;0.24600000000000002;0.221;0.23;0.21899999999999997;0.22;0.21600000000000003;0.218;0.221;0.215;0.22699999999999998;0.23;0.214;0.201;0.17300000000000001;0.175;0.204;0.18899999999999997;0.161;0.179;0.17300000000000001;0.18600000000000003;0.153;0.172;0.158;0.18100000000000002;0.161;0.188;0.156;0.153;0.16;0.165;0.156;0.177;0.142;0.19399999999999998;0.18100000000000002;0.16899999999999998;0.20199999999999999;0.163;0.15;0.213;0.185;0.21100000000000002;0.20800000000000002;0.147;0.23199999999999998;0.244;0.203;0.209;0.228;0.20800000000000002;0.191;0.23199999999999998;0.262;0.203;0.16899999999999998;0.26;0.19899999999999998;0.18899999999999997;0.179;0.147;0.297;0.272;0.284;0.172;0.247;0.33899999999999997;0.154;0.132;0.37200000000000005;0.21100000000000002;0.162;0.13699999999999998;0.149;0.275;0.365;0.151;0.377
500;2.0;2.0;0.385;0.252;-0.213;1.135;-1.05;0.18600000000000003;0.672;0.32799999999999996;0.26;-1.031;0.6890000000000001;0.105;0.19899999999999998;1.386;0.43700000000000006;0.182;0.49200000000000005;0.511;0.09699999999999999;0.115;-0.136;1.012;0.147;0.201;-0.015;0.212;0.165;0.145;0.105;0.131;0.027999999999999997;0.1;0.086;0.078;0.055999999999999994;0.055;0.057;0.07;0.08900000000000001;0.064;0.07200000000000001;0.08199999999999999;0.064;0.08900000000000001;0.08;0.091;0.075;0.085;0.079;0.087;0.078;0.08;0.073;0.062;0.063;0.054000000000000006;0.062;0.059000000000000004;0.055999999999999994;0.057999999999999996;0.06;0.067;0.057999999999999996;0.055999999999999994;0.061;0.053;0.055;0.059000000000000004;0.075;0.09300000000000001;0.107;0.127;0.135;0.14400000000000002;0.156;0.165;0.175;0.187;0.188;0.19699999999999998;0.205;0.207;0.212;0.209;0.214;0.23;0.22399999999999998;0.235;0.24600000000000002;0.23600000000000002;0.242;0.251;0.253;0.265;0.257;0.273;0.262;0.285;0.276;0.27699999999999997;0.28300000000000003;0.28800000000000003;0.292;0.297;0.284;0.29100000000000004;0.294;0.282;0.294;0.287;0.3;0.289;0.284;0.294;0.294;0.27699999999999997;0.272;0.263;0.295;0.268;0.267;0.285;0.28800000000000003;0.29100000000000004;0.295;0.307;0.306;0.319;0.316;0.32299999999999995;0.316;0.322;0.322;0.32299999999999995;0.313;0.32;0.32;0.303;0.326;0.314;0.316;0.313;0.298;0.305;0.281;0.29;0.319;0.287;0.29;0.293;0.285;0.28300000000000003;0.294;0.29100000000000004;0.29100000000000004;0.275;0.275;0.276;0.284;0.287;0.276;0.281;0.287;0.27699999999999997;0.28800000000000003;0.263;0.27;0.268;0.28300000000000003;0.256;0.272;0.258;0.261;0.251;0.262;0.268;0.24100000000000002;0.25;0.264;0.24;0.266;0.24;0.249;0.247;0.23600000000000002;0.251;0.24100000000000002;0.23600000000000002;0.24100000000000002;0.271;0.235;0.23199999999999998;0.223;0.19699999999999998;0.19699999999999998;0.242;0.196;0.191;0.198;0.183;0.21100000000000002;0.182;0.183;0.18;0.193;0.2;0.18899999999999997;0.182;0.17600000000000002;0.166;0.209;0.158;0.17600000000000002;0.165;0.214;0.205;0.207;0.182;0.183;0.158;0.22399999999999998;0.19399999999999998;0.193;0.22699999999999998;0.171;0.21600000000000003;0.271;0.168;0.21;0.223;0.195;0.214;0.249;0.222;0.218;0.124;0.257;0.213;0.172;0.22699999999999998;0.20600000000000002;0.212;0.287;0.218;0.213;0.337;0.254;0.163;0.281;0.17300000000000001;0.28800000000000003;0.183;0.071;0.29600000000000004;0.358;0.34700000000000003;0.198;0.17600000000000002
550;2.0;2.0;1.8230000000000002;0.102;-0.22899999999999998;1.4569999999999999;-1.036;0.17300000000000001;0.305;-0.897;0.48700000000000004;-1.011;-0.244;0.121;0.21600000000000003;0.669;0.6579999999999999;0.355;0.435;0.48700000000000004;0.11900000000000001;0.32;0.006;0.8170000000000001;0.165;0.166;0.016;0.16399999999999998;0.1;0.08800000000000001;0.096;0.158;0.004;0.083;0.086;0.059000000000000004;0.028999999999999998;0.054000000000000006;0.052000000000000005;0.048;0.08199999999999999;0.066;0.057999999999999996;0.062;0.049;0.073;0.069;0.08199999999999999;0.064;0.073;0.071;0.07200000000000001;0.067;0.069;0.063;0.05;0.05;0.039;0.048;0.044000000000000004;0.042;0.043;0.046;0.055;0.044000000000000004;0.042;0.047;0.038;0.040999999999999995;0.043;0.06;0.081;0.09699999999999999;0.126;0.136;0.146;0.157;0.16699999999999998;0.18;0.193;0.196;0.20199999999999999;0.213;0.213;0.21600000000000003;0.215;0.221;0.231;0.22699999999999998;0.243;0.248;0.24;0.242;0.253;0.258;0.272;0.261;0.276;0.263;0.287;0.28;0.282;0.287;0.28600000000000003;0.28600000000000003;0.299;0.285;0.293;0.294;0.27899999999999997;0.28800000000000003;0.28300000000000003;0.297;0.27899999999999997;0.27899999999999997;0.289;0.285;0.268;0.26;0.259;0.285;0.261;0.26;0.273;0.282;0.27699999999999997;0.27899999999999997;0.292;0.295;0.306;0.299;0.303;0.309;0.302;0.313;0.308;0.295;0.312;0.309;0.293;0.32;0.307;0.309;0.29600000000000004;0.293;0.3;0.27899999999999997;0.28300000000000003;0.316;0.27699999999999997;0.295;0.29;0.278;0.285;0.285;0.284;0.282;0.27399999999999997;0.268;0.27399999999999997;0.278;0.27399999999999997;0.272;0.267;0.282;0.26899999999999996;0.275;0.255;0.248;0.257;0.272;0.25;0.261;0.244;0.249;0.23600000000000002;0.247;0.245;0.22699999999999998;0.253;0.251;0.233;0.242;0.226;0.22699999999999998;0.225;0.225;0.233;0.23800000000000002;0.228;0.225;0.251;0.21100000000000002;0.23199999999999998;0.215;0.187;0.185;0.212;0.192;0.162;0.185;0.171;0.191;0.17;0.162;0.163;0.17600000000000002;0.175;0.18100000000000002;0.177;0.175;0.149;0.17800000000000002;0.147;0.151;0.14;0.19899999999999998;0.187;0.196;0.183;0.165;0.18;0.20800000000000002;0.174;0.21;0.222;0.184;0.226;0.266;0.193;0.17800000000000002;0.22399999999999998;0.213;0.222;0.255;0.237;0.24600000000000002;0.16699999999999998;0.209;0.209;0.191;0.217;0.23600000000000002;0.26899999999999996;0.28;0.29;0.243;0.254;0.358;0.24100000000000002;0.317;0.22;0.179;0.203;0.11199999999999999;0.142;0.377;0.612;0.205;0.179
400;2.0;2.0;0.023;0.275;-0.305;1.208;-1.045;0.098;0.09;0.662;1.091;-1.024;0.052000000000000005;-0.114;0.287;0.759;1.179;0.292;0.31;0.36700000000000005;0.122;0.392;0.193;0.624;0.035;0.187;0.002;0.14;0.134;0.102;0.067;0.125;-0.003;0.098;0.085;0.061;0.022000000000000002;0.06;0.052000000000000005;0.057999999999999996;0.079;0.078;0.055999999999999994;0.067;0.059000000000000004;0.071;0.075;0.084;0.067;0.078;0.073;0.07400000000000001;0.071;0.07200000000000001;0.065;0.051;0.05;0.04;0.049;0.045;0.043;0.046;0.049;0.055999999999999994;0.047;0.043;0.047;0.038;0.042;0.044000000000000004;0.065;0.08199999999999999;0.09699999999999999;0.12;0.13;0.14;0.151;0.159;0.17;0.185;0.188;0.192;0.201;0.2;0.20600000000000002;0.20199999999999999;0.204;0.21899999999999997;0.213;0.22399999999999998;0.233;0.22399999999999998;0.226;0.235;0.244;0.247;0.24100000000000002;0.261;0.24600000000000002;0.271;0.26;0.268;0.265;0.276;0.26899999999999996;0.275;0.272;0.275;0.272;0.267;0.27399999999999997;0.271;0.281;0.266;0.26899999999999996;0.278;0.275;0.258;0.25;0.247;0.27;0.248;0.242;0.257;0.26899999999999996;0.267;0.266;0.275;0.275;0.28600000000000003;0.289;0.292;0.29100000000000004;0.28800000000000003;0.294;0.293;0.282;0.294;0.295;0.28;0.301;0.29;0.289;0.287;0.27899999999999997;0.28;0.261;0.271;0.299;0.262;0.27899999999999997;0.28;0.272;0.273;0.27899999999999997;0.272;0.273;0.26;0.253;0.259;0.265;0.261;0.26;0.266;0.265;0.259;0.26899999999999996;0.248;0.251;0.255;0.27;0.239;0.252;0.23800000000000002;0.245;0.226;0.239;0.237;0.217;0.23800000000000002;0.239;0.226;0.23800000000000002;0.21899999999999997;0.228;0.218;0.21600000000000003;0.215;0.225;0.21600000000000003;0.222;0.235;0.221;0.212;0.214;0.19;0.184;0.218;0.185;0.159;0.18899999999999997;0.16399999999999998;0.193;0.163;0.17300000000000001;0.174;0.179;0.188;0.175;0.179;0.177;0.145;0.191;0.14400000000000002;0.161;0.162;0.201;0.184;0.21;0.179;0.17800000000000002;0.165;0.19899999999999998;0.175;0.18600000000000003;0.212;0.188;0.215;0.258;0.19;0.201;0.22899999999999998;0.20199999999999999;0.23199999999999998;0.258;0.217;0.257;0.162;0.244;0.21600000000000003;0.162;0.22;0.23199999999999998;0.205;0.331;0.245;0.22;0.27699999999999997;0.251;0.218;0.275;0.19399999999999998;0.268;0.20800000000000002;0.071;0.20600000000000002;0.413;0.44299999999999995;0.183;0.20600000000000002
700;2.0;2.0;-0.064;0.39799999999999996;-0.287;2.28;-1.044;0.304;0.31;-0.204;0.509;-1.006;0.312;0.044000000000000004;0.175;0.6609999999999999;0.8540000000000001;0.59;0.5429999999999999;0.645;0.39;0.276;0.322;0.022000000000000002;0.247;0.255;-0.006;0.349;0.125;0.10400000000000001;0.071;0.159;0.032;0.084;0.092;0.086;0.035;0.05;0.065;0.067;0.08199999999999999;0.08;0.071;0.07;0.07;0.09;0.085;0.099;0.08199999999999999;0.091;0.086;0.09300000000000001;0.083;0.085;0.081;0.063;0.062;0.05;0.057999999999999996;0.055;0.054000000000000006;0.054000000000000006;0.057999999999999996;0.067;0.059000000000000004;0.053;0.057999999999999996;0.048;0.052000000000000005;0.055;0.075;0.09699999999999999;0.115;0.141;0.154;0.165;0.18100000000000002;0.188;0.207;0.21899999999999997;0.221;0.22899999999999998;0.24;0.242;0.247;0.248;0.251;0.265;0.26;0.28;0.28600000000000003;0.272;0.273;0.281;0.294;0.306;0.298;0.316;0.31;0.33;0.322;0.32799999999999996;0.33;0.34;0.33899999999999997;0.34700000000000003;0.33299999999999996;0.34600000000000003;0.34299999999999997;0.33;0.344;0.33299999999999996;0.354;0.335;0.337;0.344;0.341;0.318;0.308;0.311;0.331;0.312;0.304;0.32;0.335;0.332;0.33799999999999997;0.349;0.34600000000000003;0.36;0.358;0.369;0.37;0.37200000000000005;0.38;0.374;0.359;0.37;0.37200000000000005;0.36700000000000005;0.391;0.376;0.375;0.363;0.358;0.365;0.34600000000000003;0.353;0.387;0.344;0.35700000000000004;0.35100000000000003;0.349;0.354;0.354;0.354;0.353;0.33;0.34299999999999997;0.332;0.342;0.34;0.33799999999999997;0.33899999999999997;0.337;0.341;0.341;0.321;0.308;0.319;0.341;0.299;0.32899999999999996;0.29600000000000004;0.316;0.282;0.305;0.3;0.278;0.307;0.307;0.292;0.302;0.275;0.281;0.267;0.28300000000000003;0.284;0.27699999999999997;0.265;0.27699999999999997;0.307;0.25;0.263;0.267;0.223;0.231;0.249;0.228;0.21100000000000002;0.203;0.21100000000000002;0.248;0.214;0.21;0.204;0.20800000000000002;0.223;0.20199999999999999;0.22899999999999998;0.20800000000000002;0.201;0.21899999999999997;0.182;0.201;0.187;0.235;0.253;0.244;0.23600000000000002;0.20800000000000002;0.201;0.28;0.19699999999999998;0.22899999999999998;0.275;0.21100000000000002;0.27399999999999997;0.29100000000000004;0.212;0.265;0.268;0.29100000000000004;0.313;0.318;0.33799999999999997;0.282;0.204;0.321;0.217;0.27;0.336;0.273;0.309;0.37799999999999995;0.287;0.33;0.273;0.368;0.34299999999999997;0.34;0.28600000000000003;0.485;0.212;0.10400000000000001;0.266;0.316;0.748;0.315;0.292
800;2.0;2.0;0.451;0.249;-0.258;0.672;-1.032;0.23;0.192;-0.156;0.536;-1.053;-0.384;-0.001;0.193;0.856;0.149;0.052000000000000005;0.226;0.254;0.266;0.19699999999999998;-0.263;1.122;0.27;0.249;0.012;0.109;0.094;0.11699999999999999;0.061;0.10800000000000001;0.013000000000000001;0.077;0.073;0.049;0.037000000000000005;0.048;0.040999999999999995;0.057;0.073;0.062;0.046;0.069;0.047;0.07200000000000001;0.069;0.075;0.063;0.071;0.064;0.07;0.065;0.065;0.057999999999999996;0.044000000000000004;0.044000000000000004;0.035;0.043;0.042;0.038;0.04;0.044000000000000004;0.047;0.040999999999999995;0.037000000000000005;0.039;0.035;0.038;0.039;0.057999999999999996;0.078;0.095;0.12;0.132;0.142;0.155;0.163;0.17800000000000002;0.19;0.192;0.2;0.204;0.21100000000000002;0.212;0.212;0.215;0.23;0.228;0.237;0.248;0.237;0.242;0.24600000000000002;0.257;0.264;0.256;0.272;0.264;0.285;0.27899999999999997;0.281;0.29;0.28800000000000003;0.289;0.295;0.289;0.29;0.287;0.284;0.293;0.287;0.294;0.27899999999999997;0.285;0.292;0.28800000000000003;0.263;0.26;0.26;0.285;0.261;0.255;0.267;0.27899999999999997;0.275;0.27699999999999997;0.29;0.28600000000000003;0.294;0.303;0.304;0.301;0.304;0.307;0.304;0.287;0.306;0.303;0.3;0.317;0.304;0.304;0.29600000000000004;0.28600000000000003;0.297;0.27399999999999997;0.27399999999999997;0.314;0.27399999999999997;0.285;0.289;0.27899999999999997;0.282;0.284;0.281;0.278;0.27;0.26899999999999996;0.26899999999999996;0.275;0.276;0.27;0.268;0.275;0.267;0.278;0.255;0.257;0.264;0.264;0.252;0.26;0.24;0.249;0.22899999999999998;0.249;0.24100000000000002;0.221;0.23600000000000002;0.239;0.233;0.237;0.228;0.23;0.218;0.233;0.22699999999999998;0.222;0.217;0.21600000000000003;0.24;0.207;0.215;0.21899999999999997;0.18;0.185;0.20600000000000002;0.187;0.16399999999999998;0.17600000000000002;0.163;0.188;0.163;0.17;0.166;0.18;0.177;0.166;0.177;0.168;0.15;0.18899999999999997;0.139;0.157;0.142;0.18899999999999997;0.185;0.183;0.183;0.162;0.165;0.217;0.154;0.193;0.222;0.16699999999999998;0.21600000000000003;0.243;0.166;0.204;0.21600000000000003;0.198;0.235;0.261;0.243;0.245;0.129;0.267;0.174;0.172;0.284;0.21;0.223;0.303;0.215;0.27699999999999997;0.263;0.245;0.22;0.295;0.182;0.324;0.193;0.063;0.25;0.228;0.475;0.255;0.166
400;2.0;2.0;-0.303;0.18;-0.495;0.5529999999999999;-1.1159999999999999;0.513;0.45299999999999996;0.263;0.145;-1.034;0.27699999999999997;-0.125;0.14;0.261;0.043;0.013999999999999999;0.059000000000000004;0.588;-0.521;0.26;-0.063;1.295;0.102;0.086;0.018000000000000002;0.22899999999999998;0.06;0.048;0.057999999999999996;0.08199999999999999;0.018000000000000002;0.066;0.062;0.05;0.040999999999999995;0.027000000000000003;0.040999999999999995;0.06;0.08199999999999999;0.051;0.057;0.073;0.039;0.069;0.071;0.077;0.066;0.08;0.07;0.078;0.075;0.07200000000000001;0.068;0.053;0.053;0.046;0.051;0.048;0.046;0.047;0.052000000000000005;0.055999999999999994;0.049;0.048;0.047;0.044000000000000004;0.043;0.047;0.066;0.084;0.106;0.124;0.14;0.146;0.16;0.17;0.182;0.195;0.193;0.203;0.21;0.213;0.21100000000000002;0.21600000000000003;0.214;0.226;0.225;0.233;0.243;0.24;0.243;0.242;0.25;0.257;0.248;0.262;0.256;0.28;0.257;0.27;0.282;0.275;0.276;0.282;0.27;0.28;0.281;0.271;0.276;0.27;0.27399999999999997;0.26899999999999996;0.275;0.28300000000000003;0.271;0.264;0.25;0.253;0.268;0.245;0.243;0.252;0.265;0.265;0.266;0.28;0.27399999999999997;0.284;0.28800000000000003;0.289;0.28600000000000003;0.27899999999999997;0.284;0.27699999999999997;0.27899999999999997;0.29;0.29100000000000004;0.271;0.299;0.281;0.287;0.27899999999999997;0.266;0.27899999999999997;0.263;0.259;0.29100000000000004;0.262;0.284;0.264;0.263;0.268;0.271;0.263;0.258;0.262;0.25;0.251;0.27;0.256;0.248;0.245;0.264;0.253;0.254;0.248;0.24;0.251;0.256;0.24;0.244;0.225;0.251;0.222;0.23800000000000002;0.22399999999999998;0.22;0.235;0.233;0.22;0.226;0.22699999999999998;0.217;0.218;0.215;0.21600000000000003;0.226;0.207;0.21899999999999997;0.205;0.21;0.204;0.198;0.184;0.16699999999999998;0.187;0.18;0.156;0.187;0.163;0.184;0.154;0.152;0.168;0.168;0.16899999999999998;0.17300000000000001;0.166;0.162;0.151;0.168;0.15;0.14400000000000002;0.16899999999999998;0.207;0.193;0.18100000000000002;0.185;0.152;0.16899999999999998;0.183;0.195;0.18;0.193;0.16399999999999998;0.20199999999999999;0.235;0.19699999999999998;0.156;0.231;0.175;0.21899999999999997;0.22899999999999998;0.20199999999999999;0.215;0.174;0.198;0.21;0.14300000000000002;0.20800000000000002;0.188;0.175;0.231;0.281;0.098;0.25;0.21899999999999997;0.141;0.161;0.158;0.1;0.155;0.013999999999999999;0.15;0.284;0.264;0.198;0.127
500;2.0;2.0;-0.298;0.092;-0.409;1.402;-1.18;0.539;0.36;-0.006999999999999999;0.011000000000000001;-1.018;0.092;-0.086;0.34;-0.128;-0.049;0.083;0.302;0.856;-0.342;-0.185;-0.037000000000000005;1.79;0.209;0.07200000000000001;0.006999999999999999;0.19399999999999998;0.067;0.078;0.065;0.08;0.028999999999999998;0.046;0.071;0.048;0.048;0.027000000000000003;0.046;0.069;0.073;0.044000000000000004;0.057999999999999996;0.067;0.036000000000000004;0.069;0.068;0.07400000000000001;0.06;0.071;0.061;0.069;0.067;0.065;0.064;0.049;0.054000000000000006;0.046;0.052000000000000005;0.051;0.047;0.049;0.052000000000000005;0.054000000000000006;0.047;0.047;0.048;0.044000000000000004;0.043;0.046;0.064;0.073;0.092;0.102;0.111;0.115;0.129;0.135;0.146;0.156;0.154;0.165;0.168;0.165;0.17;0.16899999999999998;0.171;0.18100000000000002;0.182;0.185;0.19699999999999998;0.18899999999999997;0.193;0.198;0.2;0.21100000000000002;0.207;0.217;0.212;0.233;0.215;0.22;0.22699999999999998;0.22899999999999998;0.233;0.237;0.228;0.22899999999999998;0.23199999999999998;0.23199999999999998;0.233;0.226;0.23399999999999999;0.226;0.231;0.239;0.22899999999999998;0.223;0.20600000000000002;0.218;0.22699999999999998;0.212;0.20199999999999999;0.217;0.22699999999999998;0.225;0.23600000000000002;0.24100000000000002;0.24;0.248;0.253;0.248;0.249;0.244;0.249;0.247;0.244;0.249;0.251;0.23600000000000002;0.259;0.247;0.251;0.244;0.233;0.243;0.22699999999999998;0.225;0.253;0.22699999999999998;0.24;0.233;0.228;0.228;0.23199999999999998;0.23;0.222;0.22699999999999998;0.218;0.225;0.228;0.235;0.215;0.21600000000000003;0.22699999999999998;0.21899999999999997;0.22399999999999998;0.214;0.20600000000000002;0.21600000000000003;0.225;0.203;0.21100000000000002;0.19699999999999998;0.213;0.196;0.214;0.2;0.18600000000000003;0.201;0.205;0.19699999999999998;0.19899999999999998;0.187;0.188;0.184;0.19;0.188;0.19399999999999998;0.187;0.19899999999999998;0.183;0.175;0.172;0.171;0.16399999999999998;0.157;0.177;0.16899999999999998;0.153;0.171;0.145;0.177;0.149;0.146;0.162;0.175;0.158;0.16899999999999998;0.158;0.14400000000000002;0.152;0.163;0.14;0.15;0.138;0.172;0.17600000000000002;0.175;0.17600000000000002;0.142;0.152;0.177;0.166;0.16899999999999998;0.17300000000000001;0.159;0.20199999999999999;0.22;0.212;0.153;0.20199999999999999;0.177;0.172;0.205;0.18;0.19699999999999998;0.18;0.19899999999999998;0.162;0.13;0.187;0.175;0.166;0.248;0.23;0.183;0.209;0.156;0.147;0.13;0.185;0.09;0.175;0.09300000000000001;0.10800000000000001;0.225;0.17800000000000002;0.111;0.133
450;2.0;2.0;0.02;-0.002;-0.38299999999999995;0.5479999999999999;-1.097;-0.004;0.35700000000000004;0.16;-0.033;-1.037;-0.08199999999999999;-0.242;2.5660000000000003;-0.083;-0.188;-0.062;-0.163;0.301;-0.975;-0.47600000000000003;-0.233;0.275;-0.175;-0.156;-0.126;0.042;-0.07200000000000001;-0.09300000000000001;-0.038;-0.011000000000000001;-0.057999999999999996;-0.015;0.004;-0.027000000000000003;-0.02;-0.023;-0.016;-0.009000000000000001;0.006999999999999999;-0.013999999999999999;-0.023;-0.002;-0.024;-0.004;0.001;0.006999999999999999;-0.006;0.006;-0.001;0.005;0.006999999999999999;0.005;0.006999999999999999;-0.001;0.006;0.003;0.01;0.006;0.005;0.005;0.004;0.006;-0.001;0.002;0.005;0.002;0.004;0.002;0.008;0.005;0.005;0.008;0.003;0.001;0.0;0.001;0.003;0.006;0.003;0.004;0.006999999999999999;0.002;0.001;-0.0;-0.003;0.004;-0.002;0.002;0.008;0.001;-0.001;0.001;0.0;0.004;0.001;0.005;0.0;0.009000000000000001;-0.0;0.003;0.004;0.005;0.004;0.005;0.001;0.003;0.003;-0.001;0.003;-0.003;0.004;-0.002;0.001;0.004;0.003;-0.003;-0.006;-0.002;0.009000000000000001;-0.002;-0.006;0.001;0.004;0.003;0.0;0.0;0.001;0.006;0.001;-0.001;-0.001;0.001;0.0;-0.004;-0.003;0.001;0.001;-0.009000000000000001;0.005;-0.0;0.005;-0.003;-0.006;0.002;-0.006999999999999999;-0.005;0.008;-0.004;-0.001;-0.001;-0.001;-0.002;0.005;0.003;0.002;-0.004;-0.003;-0.002;0.01;0.006999999999999999;0.004;0.002;0.003;0.003;0.005;0.001;-0.006;0.006;0.004;-0.006;0.005;-0.015;0.008;-0.008;0.005;-0.16;-0.16899999999999998;-0.165;-0.16699999999999998;-0.172;-0.171;-0.177;-0.18;-0.18899999999999997;-0.19399999999999998;-0.196;-0.198;-0.20800000000000002;-0.233;-0.263;-0.303;-0.307;-0.31;-0.299;-0.29;-0.374;-0.365;-0.384;-0.361;-0.359;-0.35100000000000003;-0.36700000000000005;-0.368;-0.37;-0.368;-0.391;-0.375;-0.392;-0.395;-0.396;-0.40700000000000003;-0.419;-0.428;-0.455;-0.442;-0.44299999999999995;-0.447;-0.462;-0.493;-0.484;-0.503;-0.521;-0.526;-0.534;-0.5329999999999999;-0.544;-0.561;-0.574;-0.626;-0.62;-0.644;-0.675;-0.639;-0.696;-0.708;-0.7090000000000001;-0.737;-0.738;-0.7659999999999999;-0.8059999999999999;-0.787;-0.792;-0.851;-0.8370000000000001;-0.9209999999999999;-0.894;-0.91;-0.9420000000000001;-0.873;-0.96;-1.061;-0.9440000000000001;-1.054;-1.004;-0.996;-1.113;-1.022;-1.0
700;2.0;2.0;-0.284;0.695;-0.31;0.79;-1.0090000000000001;0.643;0.018000000000000002;-0.066;0.431;-1.3359999999999999;1.038;-0.682;0.046;0.782;0.069;0.162;0.382;0.033;0.563;0.474;-0.028999999999999998;0.05;0.285;0.228;-0.042;0.175;0.027999999999999997;0.067;0.069;0.105;0.012;0.048;0.067;0.038;0.051;0.040999999999999995;0.040999999999999995;0.05;0.091;0.07400000000000001;0.055;0.086;0.054000000000000006;0.07400000000000001;0.078;0.09;0.071;0.08900000000000001;0.077;0.085;0.08199999999999999;0.08;0.07400000000000001;0.061;0.059000000000000004;0.051;0.059000000000000004;0.052000000000000005;0.05;0.053;0.055999999999999994;0.064;0.055;0.052000000000000005;0.054000000000000006;0.046;0.05;0.053;0.07200000000000001;0.091;0.111;0.132;0.139;0.14400000000000002;0.163;0.17;0.18;0.198;0.2;0.21;0.217;0.22;0.221;0.226;0.225;0.23600000000000002;0.233;0.245;0.262;0.24600000000000002;0.254;0.259;0.267;0.27699999999999997;0.27;0.28300000000000003;0.273;0.29600000000000004;0.29;0.289;0.298;0.299;0.303;0.293;0.295;0.29600000000000004;0.294;0.301;0.306;0.3;0.308;0.289;0.304;0.31;0.305;0.28300000000000003;0.27899999999999997;0.285;0.294;0.27399999999999997;0.27899999999999997;0.287;0.304;0.299;0.299;0.312;0.304;0.322;0.327;0.332;0.324;0.32299999999999995;0.32;0.322;0.313;0.33;0.336;0.317;0.34;0.32899999999999996;0.335;0.327;0.326;0.321;0.304;0.299;0.326;0.303;0.326;0.31;0.302;0.308;0.316;0.307;0.314;0.304;0.294;0.3;0.314;0.309;0.299;0.31;0.316;0.301;0.301;0.295;0.292;0.284;0.31;0.281;0.28800000000000003;0.256;0.28800000000000003;0.264;0.27899999999999997;0.268;0.257;0.268;0.264;0.265;0.26899999999999996;0.243;0.263;0.251;0.256;0.242;0.256;0.25;0.256;0.26;0.259;0.245;0.226;0.221;0.222;0.245;0.22;0.195;0.22399999999999998;0.214;0.218;0.19699999999999998;0.214;0.188;0.218;0.2;0.223;0.198;0.198;0.196;0.196;0.183;0.214;0.196;0.23;0.22399999999999998;0.228;0.235;0.19899999999999998;0.203;0.282;0.21100000000000002;0.258;0.249;0.203;0.28300000000000003;0.281;0.253;0.256;0.299;0.24100000000000002;0.223;0.318;0.278;0.267;0.18899999999999997;0.35600000000000004;0.223;0.235;0.267;0.242;0.29600000000000004;0.375;0.301;0.251;0.35200000000000004;0.495;0.198;0.23800000000000002;0.375;0.34;0.15;0.213;0.218;0.409;0.41600000000000004;0.27399999999999997;0.382
425;2.0;2.0;-0.643;-0.282;-0.29600000000000004;0.009000000000000001;-1.01;0.032;-0.262;-0.045;0.113;-0.9329999999999999;0.271;-0.888;0.046;0.726;0.205;0.049;0.51;0.159;0.736;0.5429999999999999;-0.036000000000000004;0.354;0.42200000000000004;0.242;0.027000000000000003;0.20600000000000002;0.053;0.095;0.115;0.107;0.006999999999999999;0.066;0.073;0.064;0.049;0.055999999999999994;0.055999999999999994;0.053;0.099;0.09;0.067;0.094;0.07;0.086;0.08800000000000001;0.10300000000000001;0.085;0.1;0.09300000000000001;0.098;0.096;0.094;0.085;0.07;0.068;0.057999999999999996;0.065;0.061;0.057999999999999996;0.064;0.065;0.076;0.066;0.061;0.063;0.054000000000000006;0.055999999999999994;0.061;0.08199999999999999;0.10800000000000001;0.134;0.162;0.18;0.188;0.205;0.21899999999999997;0.22899999999999998;0.247;0.244;0.256;0.263;0.265;0.263;0.267;0.265;0.281;0.272;0.29;0.304;0.285;0.297;0.299;0.304;0.314;0.317;0.321;0.315;0.33399999999999996;0.327;0.326;0.33899999999999997;0.336;0.34299999999999997;0.32899999999999996;0.332;0.336;0.331;0.32799999999999996;0.341;0.33;0.341;0.324;0.33;0.33399999999999996;0.332;0.31;0.314;0.316;0.325;0.308;0.307;0.315;0.33399999999999996;0.332;0.335;0.33799999999999997;0.32899999999999996;0.35100000000000003;0.355;0.35200000000000004;0.345;0.35;0.344;0.349;0.33899999999999997;0.34700000000000003;0.363;0.34299999999999997;0.358;0.349;0.358;0.348;0.34700000000000003;0.34600000000000003;0.32299999999999995;0.32299999999999995;0.348;0.321;0.33899999999999997;0.32899999999999996;0.322;0.322;0.33;0.331;0.32;0.318;0.316;0.312;0.34;0.319;0.32;0.315;0.325;0.318;0.316;0.31;0.301;0.309;0.316;0.292;0.305;0.273;0.301;0.275;0.295;0.27899999999999997;0.275;0.284;0.273;0.282;0.28600000000000003;0.264;0.268;0.27;0.266;0.264;0.276;0.256;0.256;0.275;0.266;0.27399999999999997;0.25;0.242;0.23;0.258;0.22899999999999998;0.215;0.247;0.22399999999999998;0.242;0.215;0.223;0.214;0.233;0.222;0.23600000000000002;0.21600000000000003;0.21899999999999997;0.21100000000000002;0.225;0.20800000000000002;0.21600000000000003;0.21600000000000003;0.257;0.233;0.247;0.245;0.21899999999999997;0.205;0.28600000000000003;0.23800000000000002;0.268;0.278;0.21600000000000003;0.293;0.32799999999999996;0.255;0.245;0.32299999999999995;0.255;0.24;0.342;0.32799999999999996;0.293;0.196;0.315;0.26;0.242;0.297;0.228;0.302;0.336;0.271;0.25;0.34700000000000003;0.439;0.213;0.249;0.325;0.309;0.15;0.17300000000000001;0.204;0.34700000000000003;0.38;0.247;0.289
500;2.0;2.0;-0.21;0.496;-0.509;0.385;-1.1079999999999999;0.483;0.607;0.098;0.047;-1.025;0.317;-0.057;0.215;0.044000000000000004;-0.244;-0.1;0.261;0.568;-0.19399999999999998;-0.057999999999999996;-0.053;0.782;0.128;0.245;-0.025;0.136;0.037000000000000005;0.073;0.038;0.065;0.028999999999999998;0.055999999999999994;0.052000000000000005;0.040999999999999995;0.048;0.028999999999999998;0.038;0.051;0.065;0.044000000000000004;0.054000000000000006;0.061;0.037000000000000005;0.065;0.065;0.071;0.057999999999999996;0.073;0.063;0.07200000000000001;0.067;0.066;0.062;0.045;0.048;0.04;0.045;0.042;0.042;0.043;0.046;0.05;0.044000000000000004;0.042;0.040999999999999995;0.038;0.037000000000000005;0.042;0.061;0.077;0.09699999999999999;0.11800000000000001;0.128;0.13699999999999998;0.151;0.159;0.172;0.18100000000000002;0.18;0.195;0.19899999999999998;0.19699999999999998;0.198;0.203;0.20199999999999999;0.212;0.21;0.218;0.226;0.22;0.228;0.231;0.233;0.243;0.23399999999999999;0.247;0.245;0.26;0.242;0.254;0.263;0.259;0.261;0.267;0.256;0.261;0.262;0.258;0.263;0.252;0.26;0.255;0.263;0.262;0.257;0.251;0.23;0.245;0.254;0.23800000000000002;0.23399999999999999;0.23800000000000002;0.258;0.245;0.256;0.265;0.258;0.268;0.27;0.271;0.26899999999999996;0.264;0.273;0.265;0.262;0.27399999999999997;0.27;0.258;0.27899999999999997;0.266;0.28;0.26;0.254;0.263;0.242;0.249;0.27399999999999997;0.248;0.258;0.25;0.25;0.248;0.261;0.249;0.245;0.237;0.24;0.24600000000000002;0.25;0.25;0.23800000000000002;0.242;0.245;0.23800000000000002;0.247;0.233;0.228;0.239;0.244;0.22;0.23399999999999999;0.212;0.23600000000000002;0.214;0.221;0.215;0.191;0.21600000000000003;0.215;0.20600000000000002;0.22;0.204;0.21;0.192;0.195;0.205;0.209;0.212;0.205;0.19899999999999998;0.19399999999999998;0.191;0.18100000000000002;0.165;0.151;0.179;0.163;0.149;0.158;0.145;0.16899999999999998;0.132;0.153;0.151;0.161;0.151;0.152;0.152;0.152;0.128;0.159;0.131;0.151;0.124;0.18;0.172;0.155;0.168;0.13699999999999998;0.14;0.17300000000000001;0.149;0.174;0.18899999999999997;0.145;0.172;0.245;0.155;0.14800000000000002;0.191;0.165;0.185;0.212;0.195;0.201;0.142;0.22399999999999998;0.134;0.14400000000000002;0.198;0.168;0.158;0.263;0.22699999999999998;0.122;0.20600000000000002;0.19;0.16399999999999998;0.20199999999999999;0.09300000000000001;0.17600000000000002;0.127;0.039;0.127;0.184;0.35700000000000004;0.14800000000000002;0.083
